cluster,mal,seed,scheduler,policy,run,window_start_s,window_end_s,window_days,wait_threshold_s,jobs_seen,jobs_completed_window_submit,wait_mean_s,wait_p95_s,turnaround_mean_s,turnaround_p95_s,runtime_mean_s,runtime_p95_s,throughput_jobs_per_hour_submit_window,num_nodes,window_node_hours,grid_cost_usd_per_kwh,solar_cost_usd_per_kwh,grid_co2e_kg_per_kwh,solar_co2e_kg_per_kwh,energy_total_kwh,energy_on_kwh,energy_boot_kwh,energy_shutdown_kwh,energy_off_kwh,grid_energy_kwh,solar_used_kwh,solar_curtailed_kwh,renewable_share_percent,cost_total_usd,co2_total_kg,cost_per_day_usd,co2_per_day_kg,energy_per_day_kwh,energy_per_node_hour_kwh,cost_per_node_hour_usd,co2_per_node_hour_kg,power_avg_kw,power_peak_kw,off_fraction_mean,boot_fraction_mean,shutdown_fraction_mean
cori_haswell,0,S0,min_steal_agreement,F30,cori_haswell_mal0_S0/min_steal_agreement/F30,13405.0,424714.0,4.7605208333333335,2.0,28259,27765,1438.006735098145,10809.0,4455.178210120655,16577.1,3017.1720560417793,4516.05,243.01437605304042,2388,272834.97,0.18,0.06,0.264,0.04,85474.29428888955,85328.01713333307,23.9525,0.3666,121.95805555555988,65471.69741388963,20002.596875000854,0.0,23.401885960468128,12985.061347000186,18084.6319922669,2727.6556077810505,3798.8767669364397,17954.819920206115,0.3132820337836076,0.04759309756736898,0.0662841423600021,748.1174966752548,864.456,0.08940060400289271,0.0004367719675621738,8.613265374303008e-06
cori_haswell,0,S0,min_steal_agreement,F10,cori_haswell_mal0_S0/min_steal_agreement/F10,13405.0,424714.0,4.7605208333333335,2.0,28259,27765,377.5138123535746,2977.0,3394.685497280749,6084.8,3017.1720589231045,4516.05,243.01437605304042,2388,272834.97,0.18,0.06,0.264,0.04,88497.7825472224,88449.14482777823,7.973,0.11439999999999999,40.55031944444393,68495.18567222195,20002.596875000854,0.0,22.602370702709383,13529.289233500003,18882.83289246663,2841.976688510099,3966.547685339044,18589.93703536761,0.32436378132620763,0.04958781212503663,0.06920972371124799,774.5807098069837,864.456,0.02972516275640505,0.00014538703255915716,2.6878274926903006e-06
cori_haswell,0,S0,min_steal_agreement,F0,cori_haswell_mal0_S0/min_steal_agreement/F0,13405.0,424714.0,4.7605208333333335,2.0,28259,27765,281.6001800828381,2638.0,3298.771915973348,5605.0,3017.172062884927,4516.05,243.01437605304042,2388,272834.97,0.18,0.06,0.264,0.04,89990.8730333342,89990.8730333342,0.0,0.0,0.0,69988.27615833333,20002.596875000854,0.0,22.22736173210759,13798.045521000051,19277.008780800035,2898.431916185652,4049.3486859298555,18903.57718912077,0.32983628540481524,0.050572862859185726,0.070654464788,787.6490495466987,864.456,0.0,0.0,0.0
cori_haswell,0,S0,rigid_easy_backfill,F30,cori_haswell_mal0_S0/rigid_easy_backfill/F30,45512.0,424714.0,4.388912037037037,2.0,28259,26488,1469.8837586831019,12121.0,4382.773618884023,16817.3,2912.890452355784,4212.0,251.46702812748876,2388,251537.32666666666,0.18,0.06,0.264,0.04,79809.75843222319,79676.22834888923,19.182100000000002,0.4134,113.93458333333469,61468.286210000486,18341.472222222594,0.0,22.981490713067018,12164.779851133444,16961.286448329032,2771.707372687722,3864.5765294898983,18184.406011951633,0.31728793292768764,0.04836172830624864,0.06743049500087064,757.6835838313181,864.456,0.09059059730273564,0.0003794002846337001,1.0535215727690938e-05
cori_haswell,0,S0,rigid_easy_backfill,F10,cori_haswell_mal0_S0/rigid_easy_backfill/F10,45512.0,424714.0,4.388912037037037,2.0,28259,26488,429.42019027484145,3643.0,3342.3102625339775,6188.63,2912.890449335548,4212.0,251.46702812748876,2388,251537.32666666666,0.18,0.06,0.264,0.04,82634.16822111096,82589.76937111103,6.3784,0.12219999999999999,37.89824999999991,64292.69599888853,18341.472222222594,0.0,22.195990613888466,12673.173613133291,17706.93063259548,2887.5433151057123,4034.469245036285,18827.939025384854,0.32851652403309695,0.050382874705222506,0.070394843052699,784.4974593910355,864.456,0.030133301090714198,0.00012615755185863865,3.1141832654180763e-06
cori_haswell,0,S0,rigid_easy_backfill,F0,cori_haswell_mal0_S0/rigid_easy_backfill/F0,45512.0,424714.0,4.388912037037037,2.0,28259,26488,312.92758985193296,2862.0,3225.817717796738,5649.0,2912.8904599063726,4212.0,251.46702812748876,2388,251537.32666666666,0.18,0.06,0.264,0.04,84028.2751044448,84028.2751044448,0.0,0.0,0.0,65686.80288222221,18341.472222222594,0.0,21.827738578977918,12924.112852133352,18074.97484979557,2944.719042685222,4118.326978819567,19145.581956382168,0.33405886998154255,0.0513804969759426,0.07185802238308847,797.7325815159236,864.456,0.0,0.0,0.0
cori_haswell,0,S3,min_steal_agreement,F30,cori_haswell_mal0_S3/min_steal_agreement/F30,13405.0,424714.0,4.7605208333333335,2.0,28259,27765,1490.0228345037638,10435.0,4507.194311795426,17215.0,3017.172047037637,4516.05,243.01437605304042,2388,272834.97,0.18,0.06,0.264,0.04,85466.38512222236,85319.95723333291,23.959200000000003,0.22879999999999998,122.23988888888788,65463.78824722262,20002.596875000854,0.0,23.404051600399235,12983.637697000124,18082.543972266805,2727.356554368639,3798.438155264903,17953.15851235935,0.3132530449532271,0.04758787957790061,0.06627648930878181,748.0482713483062,864.456,0.08960720019789904,0.00043689414153911426,5.375654985380601e-06
cori_haswell,0,S3,min_steal_agreement,F10,cori_haswell_mal0_S3/min_steal_agreement/F10,13405.0,424714.0,4.7605208333333335,2.0,28259,27765,389.54010444793806,3071.0,3406.7117854132903,6423.58,3017.1720589231045,4516.05,243.01437605304042,2388,272834.97,0.18,0.06,0.264,0.04,88504.18854722279,88455.78662777827,7.9462,0.1404,40.31531944444392,68501.59167222233,20002.596875000854,0.0,22.600734726049897,13530.442313500072,18884.52407646673,2842.2189057044857,3966.9029372241434,18591.282686447532,0.3243872607210974,0.0495920384161168,0.06921592227149889,774.6367786019806,864.456,0.02955289744891899,0.00014489833665139529,3.2986973773926413e-06
cori_haswell,0,S3,min_steal_agreement,F0,cori_haswell_mal0_S3/min_steal_agreement/F0,13405.0,424714.0,4.7605208333333335,2.0,28259,27765,281.6001800828381,2638.0,3298.771915973348,5605.0,3017.172062884927,4516.05,243.01437605304042,2388,272834.97,0.18,0.06,0.264,0.04,89990.8730333342,89990.8730333342,0.0,0.0,0.0,69988.27615833333,20002.596875000854,0.0,22.22736173210759,13798.045521000051,19277.008780800035,2898.431916185652,4049.3486859298555,18903.57718912077,0.32983628540481524,0.050572862859185726,0.070654464788,787.6490495466987,864.456,0.0,0.0,0.0
cori_haswell,0,S3,rigid_easy_backfill,F30,cori_haswell_mal0_S3/rigid_easy_backfill/F30,45512.0,424714.0,4.388912037037037,2.0,28259,26488,1603.2774463908186,12157.0,4516.167293264874,16505.6,2912.8904591513137,4212.0,251.46702812748876,2388,251537.32666666666,0.18,0.06,0.264,0.04,79816.25328222217,79682.8840488886,19.162000000000006,0.2574,113.94983333333296,61474.781059999885,18341.472222222594,0.0,22.979620651158616,12165.948924133336,16963.001088728874,2771.973742346085,3864.967204988831,18185.88584338689,0.31731375354876623,0.048366376018043084,0.06743731164483582,757.7452434744537,864.456,0.09060272273970525,0.0003790027293232212,6.559662622901905e-06
cori_haswell,0,S3,rigid_easy_backfill,F10,cori_haswell_mal0_S3/rigid_easy_backfill/F10,45512.0,424714.0,4.388912037037037,2.0,28259,26488,427.0709377831471,3650.0,3339.9610124962246,6219.4,2912.890465191785,4212.0,251.46702812748876,2388,251537.32666666666,0.18,0.06,0.264,0.04,82643.53887111135,82599.45347111102,6.3515999999999995,0.11180000000000001,37.62199999999984,64302.066648888984,18341.472222222594,0.0,22.193473891319517,12674.860330133371,17709.4044841956,2887.927628344585,4035.0329044532987,18830.074098934132,0.3285537775497999,0.05038958033822908,0.07040467798110864,784.586420788922,864.456,0.029913651781674603,0.00012562747811133346,2.849146391765474e-06
cori_haswell,0,S3,rigid_easy_backfill,F0,cori_haswell_mal0_S3/rigid_easy_backfill/F0,45512.0,424714.0,4.388912037037037,2.0,28259,26488,312.92758985193296,2862.0,3225.817717796738,5649.0,2912.890458396255,4212.0,251.46702812748876,2388,251537.32666666666,0.18,0.06,0.264,0.04,84028.27797111144,84028.27797111144,0.0,0.0,0.0,65686.80574888889,18341.472222222594,0.0,21.82773783431372,12924.113368133356,18074.975606595573,2944.7191602542234,4118.327151254101,19145.582609543275,0.33405888137812806,0.05138049902732802,0.07185802539178708,797.7326087309697,864.456,0.0,0.0,0.0
cori_haswell,0,S7,min_steal_agreement,F30,cori_haswell_mal0_S7/min_steal_agreement/F30,13405.0,424714.0,4.7605208333333335,2.0,28259,27765,1353.8502431117233,10241.0,4371.021741148928,16966.3,3017.1720589231045,4516.05,243.01437605304042,2388,272834.97,0.18,0.06,0.264,0.04,85557.72901666716,85414.21661111117,23.584000000000003,0.1586,119.76980555556075,65555.13214166753,20002.596875000854,0.0,23.379064761179237,13000.079598000208,18106.658760400263,2730.8103573401454,3803.5037329564457,17972.34630664547,0.31358784035883364,0.04764814275090986,0.06636487529586206,748.8477627768947,864.456,0.08779652077265283,0.00043005239883044805,3.72630629668428e-06
cori_haswell,0,S7,min_steal_agreement,F10,cori_haswell_mal0_S7/min_steal_agreement/F10,13405.0,424714.0,4.7605208333333335,2.0,28259,27765,391.93869980180085,3083.0,3409.1103791464075,6440.01,3017.1720578426075,4516.05,243.01437605304042,2388,272834.97,0.18,0.06,0.264,0.04,88508.41799722245,88460.23596111141,7.9194,0.023399999999999997,40.23923611111046,68505.82112222185,20002.596875000854,0.0,22.599654730726932,13531.203614499986,18885.640651266604,2842.378825391126,3967.137486097884,18592.171129151124,0.32440276258289935,0.04959482875124104,0.06922001476301445,774.6737970479635,864.456,0.029497125028445665,0.0001444096407436334,5.497828962321069e-07
cori_haswell,0,S7,min_steal_agreement,F0,cori_haswell_mal0_S7/min_steal_agreement/F0,13405.0,424714.0,4.7605208333333335,2.0,28259,27765,281.6001800828381,2638.0,3298.771915973348,5605.0,3017.172062884927,4516.05,243.01437605304042,2388,272834.97,0.18,0.06,0.264,0.04,89990.8730333342,89990.8730333342,0.0,0.0,0.0,69988.27615833333,20002.596875000854,0.0,22.22736173210759,13798.045521000051,19277.008780800035,2898.431916185652,4049.3486859298555,18903.57718912077,0.32983628540481524,0.050572862859185726,0.070654464788,787.6490495466987,864.456,0.0,0.0,0.0
cori_haswell,0,S7,rigid_easy_backfill,F30,cori_haswell_mal0_S7/rigid_easy_backfill/F30,45512.0,424714.0,4.388912037037037,2.0,28259,26488,1491.9294397462247,12194.0,4404.819304062217,16852.1,2912.8904700996677,4212.0,251.46702812748876,2388,251537.32666666666,0.18,0.06,0.264,0.04,79892.23906000084,79761.49529333369,18.7868,0.1638,111.79316666667135,61550.76683777839,18341.472222222594,0.0,22.957764656524073,12179.626364133466,16983.0613340624,2775.090104643782,3869.5378696921202,18203.198967263022,0.317615839043534,0.04842075140710117,0.06751706221545437,758.4666236359592,864.456,0.0888879341671729,0.00037158169686094835,4.1743307600284855e-06
cori_haswell,0,S7,rigid_easy_backfill,F10,cori_haswell_mal0_S7/rigid_easy_backfill/F10,45512.0,424714.0,4.388912037037037,2.0,28259,26488,429.1743430986862,3627.0,3342.0644136212622,6209.59,2912.890462171549,4212.0,251.46702812748876,2388,251537.32666666666,0.18,0.06,0.264,0.04,82647.56945444438,82603.65120444454,6.324800000000001,0.0832,37.510249999999694,64306.097232221924,18341.472222222594,0.0,22.192391552824155,12675.5858351333,17710.468558195495,2888.092932409421,4035.275350415058,18830.992454849908,0.32856980134788366,0.05039246462188409,0.07040890826380265,784.6246856187461,864.456,0.02982479816978257,0.00012509740436402825,2.120294989220818e-06
cori_haswell,0,S7,rigid_easy_backfill,F0,cori_haswell_mal0_S7/rigid_easy_backfill/F0,45512.0,424714.0,4.388912037037037,2.0,28259,26488,312.92762760487767,2862.0,3225.8177555496827,5649.0,2912.8904599063726,4212.0,251.46702812748876,2388,251537.32666666666,0.18,0.06,0.264,0.04,84028.2751044448,84028.2751044448,0.0,0.0,0.0,65686.80288222221,18341.472222222594,0.0,21.827738578977918,12924.112852133352,18074.97484979557,2944.719042685222,4118.326978819567,19145.581956382168,0.33405886998154255,0.0513804969759426,0.07185802238308847,797.7325815159236,864.456,0.0,0.0,0.0
cori_haswell,100,S0,min_steal_agreement,F30,cori_haswell_mal100_S0/min_steal_agreement/F30,24806.0,424714.0,4.628564814814815,2.0,28259,27316,12.456618698898064,4.0,1452.6288329876263,3067.84,1440.1723312388344,3038.58,245.90055712813947,2388,265272.30666666664,0.18,0.06,0.264,0.04,87654.63523000368,87518.591346669,21.587400000000002,0.1534,114.30308333333664,67875.24634111453,19779.38888888968,0.0,22.565137413428317,13404.307674733996,18710.240589609824,2895.996536946041,4042.3417059480903,18937.756893766364,0.3304326649526515,0.05053036950282735,0.07053220452868667,789.0732039069317,864.456,0.08617792393758102,0.0004048669887541471,3.706882733782539e-06
cori_haswell,100,S0,min_steal_agreement,F10,cori_haswell_mal100_S0/min_steal_agreement/F10,40522.0,424714.0,4.446666666666666,2.0,28259,26690,2.1691643792230093,3.0,1239.734943887973,2712.5,1237.5657948475084,2701.21,250.0937031484258,2388,254847.36,0.18,0.06,0.264,0.04,89475.02725333624,89428.22972000124,8.7703,0.0104,38.01683333333331,70787.02725333444,18688.000000000473,0.0,20.886274722317737,13862.944905600227,19435.295194880313,3117.6038018591216,4370.756040827657,20121.820221889713,0.35109261972867306,0.05439705126080265,0.07626249373303422,838.4091759120713,864.456,0.02983498305286218,0.0001712135975563307,2.615944958843861e-07
cori_haswell,100,S0,min_steal_agreement,F0,cori_haswell_mal100_S0/min_steal_agreement/F0,40520.0,424714.0,4.446689814814815,2.0,28259,26691,1.4749918004243998,3.0,1209.619646710127,2679.78,1208.144680921659,2678.78,250.10177150085636,2388,254848.68666666668,0.18,0.06,0.264,0.04,92204.89737333904,92204.89737333904,0.0,0.0,0.0,73516.75848444714,18688.13888888936,0.0,20.26805454077,14354.304860533846,20155.949795449622,3228.0877367947555,4532.798696301471,20735.62609789974,0.36180252125034446,0.05632481394463211,0.07908987116662254,863.9844207458226,864.456,0.0,0.0,0.0
cori_haswell,100,S0,rigid_easy_backfill,F30,cori_haswell_mal100_S0/rigid_easy_backfill/F30,45512.0,424714.0,4.388912037037037,2.0,28259,26488,1504.896591763742,12122.0,4421.007126681516,16606.2,2916.110997357294,4212.0,251.46702812748876,2388,251537.32666666666,0.18,0.06,0.264,0.04,79680.07984666676,79546.54474666632,19.1687,0.2834,114.08300000000105,61338.60762444437,18341.472222222594,0.0,23.018892874502896,12141.43770573334,16927.05130174222,2766.3889372296576,3856.7761574847386,18154.859148295654,0.3167723888242541,0.04826893036763082,0.06729439135756453,756.4524645123189,864.456,0.09070860497072945,0.0003791352477600475,7.222254807033411e-06
cori_haswell,100,S0,rigid_easy_backfill,F10,cori_haswell_mal100_S0/rigid_easy_backfill/F10,45512.0,424714.0,4.388912037037037,2.0,28259,26488,430.01162338315464,3643.0,3344.255879574902,6214.11,2914.244551230746,4212.0,251.46702812748876,2388,251537.32666666666,0.18,0.06,0.264,0.04,82451.5702999998,82407.25513333338,6.3784,0.0026,37.934166666667366,64110.09807777773,18341.472222222594,0.0,22.245146036015083,12640.305987333348,17658.72478142223,2880.0545284718996,4023.485691306693,18786.334655196923,0.32779059630089546,0.0502522077134265,0.07020319813139819,782.7639439665384,864.456,0.030161858813850265,0.00012615755185863865,6.625921841315056e-08
cori_haswell,100,S0,rigid_easy_backfill,F0,cori_haswell_mal100_S0/rigid_easy_backfill/F0,45512.0,424714.0,4.388912037037037,2.0,28259,26488,312.16127755228786,2803.0,3225.051314317804,5649.0,2912.8902926608275,4212.0,251.46702812748876,2388,251537.32666666666,0.18,0.06,0.264,0.04,83850.05883333346,83850.05883333346,0.0,0.0,0.0,65508.586611111234,18341.472222222594,0.0,21.87413160756327,12892.033923333376,18027.925754222273,2937.40995821753,4107.606988266951,19104.97593156157,0.333350361731602,0.051252965490953546,0.07167097620510454,796.0406638150654,864.456,0.0,0.0,0.0
cori_haswell,100,S3,min_steal_agreement,F30,cori_haswell_mal100_S3/min_steal_agreement/F30,24806.0,424714.0,4.628564814814815,2.0,28259,27316,11.78236282241967,4.0,1459.8881362194318,3136.63,1448.1057790635525,3118.38,245.90055712813947,2388,265272.30666666664,0.18,0.06,0.264,0.04,87664.88733000247,87526.58961333513,23.986000000000004,0.05979999999999999,114.25191666666758,67885.4984411136,19779.38888888968,0.0,22.56249850003557,13406.15305273383,18712.947144009577,2896.395230293475,4042.9264561909927,18939.9718568076,0.3304713124094012,0.050537326045042484,0.07054240745726886,789.16549403365,864.456,0.08613934722574132,0.00044985220972683013,1.4450559809660745e-06
cori_haswell,100,S3,min_steal_agreement,F10,cori_haswell_mal100_S3/min_steal_agreement/F10,40522.0,424714.0,4.446666666666666,2.0,28259,26690,2.108431567777048,3.0,1257.1089288958412,2801.16,1255.0005298284002,2797.65,250.0937031484258,2388,254847.36,0.18,0.06,0.264,0.04,89481.10907000308,89435.16725333474,7.973,0.023399999999999997,37.94541666666664,70793.10907000086,18688.000000000473,0.0,20.884855132249683,13864.039632600183,19436.900794480247,3117.8499923388717,4371.117120197957,20123.187946777303,0.3511164842751484,0.05440134687916792,0.07626879397330327,838.4661644490543,864.456,0.029778936432118947,0.00015564872505120973,5.885876157398688e-07
cori_haswell,100,S3,min_steal_agreement,F0,cori_haswell_mal100_S3/min_steal_agreement/F0,40564.0,424714.0,4.446180555555555,2.0,28259,26685,1.3660878746844158,2.00001,1210.993297042908,2583.16,1209.627197197302,2581.45,250.07418976962126,2388,254819.5,0.18,0.06,0.264,0.04,92157.43904222595,92157.43904222595,0.0,0.0,0.0,73472.35570889038,18685.083333333805,0.0,20.275176401953203,14346.129027600296,20144.105240480414,3226.6186333064315,4530.653892431363,20727.32717232415,0.3616577186684141,0.05629918050855722,0.07905244787184816,863.6386321801729,864.456,0.0,0.0,0.0
cori_haswell,100,S3,rigid_easy_backfill,F30,cori_haswell_mal100_S3/rigid_easy_backfill/F30,45512.0,424714.0,4.388912037037037,2.0,28259,26488,1671.8025505547769,12307.0,4590.762603065539,17196.8,2918.9605659543945,4212.77,251.46702812748876,2388,251537.32666666666,0.18,0.06,0.264,0.04,79743.08768666696,79609.83318666664,19.175400000000003,0.0416,114.03750000000193,61401.61546444486,18341.472222222594,0.0,23.00070483135968,12152.77911693343,16943.68537150235,2768.9730426080255,3860.566178706344,18169.215289286516,0.317022879838193,0.04831401875014003,0.0673605209852447,757.0506370536048,864.456,0.09067242743747587,0.00037926776619687377,1.060147494610409e-06
cori_haswell,100,S3,rigid_easy_backfill,F10,cori_haswell_mal100_S3/rigid_easy_backfill/F10,45512.0,424714.0,4.388912037037037,2.0,28259,26488,405.6893276374207,3026.0,3323.9395325588944,6198.97,2918.2505186877074,4212.0,251.46702812748876,2388,251537.32666666666,0.18,0.06,0.264,0.04,82509.10968333365,82464.96943333349,6.364999999999999,0.013,37.76224999999912,64167.63746111148,18341.472222222594,0.0,22.22963293703733,12650.663076333421,17673.915178622337,2882.4143590888434,4026.946776211544,18799.444825291077,0.328019347174956,0.05029338287075732,0.07026358836215006,783.3102010537949,864.456,0.030025166046263936,0.00012589251498498606,3.312960920657528e-07
cori_haswell,100,S3,rigid_easy_backfill,F0,cori_haswell_mal100_S3/rigid_easy_backfill/F0,45512.0,424714.0,4.388912037037037,2.0,28259,26488,312.16127754515253,2803.0,3225.051314323845,5649.0,2912.890237541528,4212.0,251.46702812748876,2388,251537.32666666666,0.18,0.06,0.264,0.04,83904.39649999992,83904.39649999992,0.0,0.0,0.0,65562.92427777784,18341.472222222594,0.0,21.85996561243678,12901.814703333366,18042.270898222258,2939.638478615627,4110.875484850826,19117.356600439853,0.3335663840110248,0.051291849501249764,0.07172800608687233,796.5565250183271,864.456,0.0,0.0,0.0
cori_haswell,100,S7,min_steal_agreement,F30,cori_haswell_mal100_S7/min_steal_agreement/F30,24806.0,424714.0,4.628564814814815,2.0,28259,27316,13.229645494372736,4.0,1448.4517306618832,2987.47,1435.2222042996777,2912.51,245.90055712813947,2388,265272.30666666664,0.18,0.06,0.264,0.04,87671.55039444976,87535.53614444828,21.587400000000002,0.0156,114.41125000000346,67892.16150556061,19779.38888888968,0.0,22.560783743299535,13407.352404334291,18714.706193023587,2896.6543498366696,4043.3064981876782,18941.41140982541,0.3304964302384389,0.05054184725426908,0.07054903856413453,789.225475409392,864.456,0.08625947535772424,0.0004048669887541471,3.769711254694107e-07
cori_haswell,100,S7,min_steal_agreement,F10,cori_haswell_mal100_S7/min_steal_agreement/F10,40522.0,424714.0,4.446666666666666,2.0,28259,26690,1.9463480918628526,3.0,1263.2886072881229,2823.5,1261.3422370176097,2822.32,250.0937031484258,2388,254847.36,0.18,0.06,0.264,0.04,89495.63132000329,89448.15032000166,9.5676,0.0104,37.902999999999686,70807.63132000159,18688.000000000473,0.0,20.881466194901844,13866.653637600313,19440.73466848044,3118.437849535303,4371.979310752723,20126.453820090697,0.3511734683851671,0.054411604018971646,0.07628383777834874,838.6022425037789,864.456,0.02974564853251766,0.0001867784700614517,2.615944958843861e-07
cori_haswell,100,S7,min_steal_agreement,F0,cori_haswell_mal100_S7/min_steal_agreement/F0,40520.0,424714.0,4.446689814814815,2.0,28259,26691,1.4749918004243998,3.0,1209.619646710127,2679.78,1208.144680921659,2678.78,250.10177150085636,2388,254848.68666666668,0.18,0.06,0.264,0.04,92204.89737333904,92204.89737333904,0.0,0.0,0.0,73516.75848444714,18688.13888888936,0.0,20.26805454077,14354.304860533846,20155.949795449622,3228.0877367947555,4532.798696301471,20735.62609789974,0.36180252125034446,0.05632481394463211,0.07908987116662254,863.9844207458226,864.456,0.0,0.0,0.0
cori_haswell,100,S7,rigid_easy_backfill,F30,cori_haswell_mal100_S7/rigid_easy_backfill/F30,45512.0,424714.0,4.388912037037037,2.0,28259,26488,1453.5960432755555,11862.0,4373.9512651276045,16332.4,2920.3556499811234,4212.0,251.46702812748876,2388,251537.32666666666,0.18,0.06,0.264,0.04,79699.76285444445,79563.20873777762,21.4869,1.5548,113.5124166666686,61358.29063222262,18341.472222222594,0.0,23.01320802637719,12144.980647133427,16932.247615795677,2767.196185442925,3857.9601215308635,18159.343860591453,0.3168506396669363,0.04828301551931402,0.06731504958003322,756.6393275246438,864.456,0.09025492810225462,0.0004249866269019477,3.962301261106403e-05
cori_haswell,100,S7,rigid_easy_backfill,F10,cori_haswell_mal100_S7/rigid_easy_backfill/F10,45512.0,424714.0,4.388912037037037,2.0,28259,26488,430.05258390225765,3675.0,3350.213010548173,6203.59,2920.160702533223,4212.0,251.46702812748876,2388,251537.32666666666,0.18,0.06,0.264,0.04,82512.1836611113,82467.94394444453,6.3717,0.0156,37.852416666667494,64170.71143888887,18341.472222222594,0.0,22.22880477573288,12651.216392333354,17674.72670875557,2882.540430423895,4027.131680836286,18800.145221596977,0.32803156793685395,0.05029558260789878,0.07026681464329086,783.3393842332073,864.456,0.030096858520586963,0.00012602503342181237,3.975553104789033e-07
cori_haswell,100,S7,rigid_easy_backfill,F0,cori_haswell_mal100_S7/rigid_easy_backfill/F0,45512.0,424714.0,4.388912037037037,2.0,28259,26488,312.16131530530805,2803.0,3225.051352070749,5649.0,2912.8902926608275,4212.0,251.46702812748876,2388,251537.32666666666,0.18,0.06,0.264,0.04,83850.05883333346,83850.05883333346,0.0,0.0,0.0,65508.586611111234,18341.472222222594,0.0,21.87413160756327,12892.033923333376,18027.925754222273,2937.40995821753,4107.606988266951,19104.97593156157,0.333350361731602,0.051252965490953546,0.07167097620510454,796.0406638150654,864.456,0.0,0.0,0.0
cori_haswell,25,S0,min_steal_agreement,F30,cori_haswell_mal25_S0/min_steal_agreement/F30,31785.0,424714.0,4.5477893518518515,2.0,28259,27038,47.86703891617762,220.0,2524.967178080849,3746.55,2477.100046795621,3628.0,247.72108956070943,2388,260642.90333333332,0.18,0.06,0.264,0.04,83714.05650222262,83566.21650222156,28.682699999999997,5.5458,113.61150000000306,64419.32039111296,19294.73611111176,0.0,23.048382693770765,12753.161837067039,17778.490027698295,2804.2551777104572,3909.259785847145,18407.637211282534,0.3211829496664317,0.04892963389360792,0.0682101442254178,766.984883803439,864.456,0.08717789630719659,0.000547492366663452,0.00013639350830333368
cori_haswell,25,S0,min_steal_agreement,F10,cori_haswell_mal25_S0/min_steal_agreement/F10,40857.0,424714.0,4.442789351851852,2.0,28259,26670,58.96160460528329,229.0,2431.6927705343082,3625.0,2372.7312447307836,3610.0,250.12439528261825,2388,254625.14333333334,0.18,0.06,0.264,0.04,86181.98342888759,86136.53176222122,7.1757,0.3458,37.930166666666615,67517.24731777867,18664.736111111575,0.0,21.65735269543041,13272.988683866855,18571.142736338035,2987.5349994557773,4180.063754001116,19398.170069207772,0.3384661165062774,0.05212756489837691,0.07293522742185084,808.2570862169905,864.456,0.029792946737401935,0.00014020610664228328,8.705607928769224e-06
cori_haswell,25,S0,min_steal_agreement,F0,cori_haswell_mal25_S0/min_steal_agreement/F0,37795.0,424714.0,4.478229166666667,2.0,28259,26806,63.317467845977646,246.0,2487.621369103932,3721.95,2424.3038847541593,3625.0,249.41034169942546,2388,256656.27,0.18,0.06,0.264,0.04,89352.86062111225,89352.86062111225,0.0,0.0,0.0,70475.48562111304,18877.375000000528,0.0,21.126771844549307,13818.229911800378,19360.623203973864,3085.6459992389946,4323.276563888932,19952.72177810885,0.3481421304108887,0.05383944024356147,0.07543405506506373,831.363407421202,864.456,0.0,0.0,0.0
cori_haswell,25,S0,rigid_easy_backfill,F30,cori_haswell_mal25_S0/rigid_easy_backfill/F30,45512.0,424714.0,4.388912037037037,2.0,28259,26488,1529.1041983064354,12211.0,4443.1306538844,16787.3,2914.026857520387,4212.0,251.46702812748876,2388,251537.32666666666,0.18,0.06,0.264,0.04,79806.56559888995,79669.92448222285,21.574000000000005,1.0581999999999998,114.00891666667029,61465.09337666694,18341.472222222594,0.0,22.98241013703979,12164.205141133403,16960.44354032898,2771.576426796077,3864.3844755154873,18183.678534775903,0.3172752396492166,0.048359443516123625,0.06742714397535399,757.6532722823292,864.456,0.09064970052556016,0.0004267093665806896,2.6967501894152277e-05
cori_haswell,25,S0,rigid_easy_backfill,F10,cori_haswell_mal25_S0/rigid_easy_backfill/F10,45512.0,424714.0,4.388912037037037,2.0,28259,26488,429.4827449349139,3642.0,3342.4059188594833,6188.63,2912.923415735427,4212.0,251.46702812748876,2388,251537.32666666666,0.18,0.06,0.264,0.04,82615.9582544445,82571.56620444472,6.3784,0.11439999999999999,37.89924999999991,64274.48603222205,18341.472222222594,0.0,22.200882988893824,12669.895819133322,17702.123201395527,2886.7964799054835,4033.3738867426164,18823.789940939143,0.32844412934357803,0.050369843661109075,0.07037573085466597,784.3245808724643,864.456,0.030134096201335156,0.00012615755185863865,2.9154056101786243e-06
cori_haswell,25,S0,rigid_easy_backfill,F0,cori_haswell_mal25_S0/rigid_easy_backfill/F0,45512.0,424714.0,4.388912037037037,2.0,28259,26488,292.09408028129445,2666.0,3204.984348912715,5592.0,2912.890452355784,4212.0,251.46702812748876,2388,251537.32666666666,0.18,0.06,0.264,0.04,84018.38510444507,84018.38510444506,0.0,0.0,0.0,65676.91288222215,18341.472222222594,0.0,21.83030797297748,12922.332652133344,18072.363889795553,2944.313429634656,4117.732079678735,19143.328550545764,0.3340195517613373,0.05137341969630542,0.07184764237295392,797.6386896060734,864.456,0.0,0.0,0.0
cori_haswell,25,S3,min_steal_agreement,F30,cori_haswell_mal25_S3/min_steal_agreement/F30,45512.0,424714.0,4.388912037037037,2.0,28259,26488,44.20579189370015,154.0,2493.818310632739,3626.0,2449.6125722342194,3610.0,251.46702812748876,2388,251537.32666666666,0.18,0.06,0.264,0.04,80311.8011011106,80172.59141777678,23.986000000000004,1.1986,114.02508333333627,61970.32887889195,18341.472222222594,0.0,22.837829522875634,12255.147531533905,17093.82571291638,2792.2973684857398,3894.7751899936584,18298.794877495257,0.3192838302187196,0.048720989818637275,0.06795741188570732,762.4497865623023,864.456,0.09066255481393232,0.000474416003838158,3.054549968846241e-05
cori_haswell,25,S3,min_steal_agreement,F10,cori_haswell_mal25_S3/min_steal_agreement/F10,45512.0,424714.0,4.388912037037037,2.0,28259,26488,50.55089094300026,249.0,2496.303920627454,3625.0,2445.752928731501,3610.0,251.46702812748876,2388,251537.32666666666,0.18,0.06,0.264,0.04,85119.64777888653,85071.96552888647,8.7703,1.2012,37.71074999999999,66778.17555666748,18341.472222222594,0.0,21.547871379669992,13120.559933533503,18363.097235849124,2989.4789011062567,4183.974771170417,19394.247836498216,0.3383976800059013,0.05216148278032971,0.0730034682295229,808.0936598540923,864.456,0.02998421784928461,0.00017346663380562815,3.0611758906875556e-05
cori_haswell,25,S3,min_steal_agreement,F0,cori_haswell_mal25_S3/min_steal_agreement/F0,45512.0,424714.0,4.388912037037037,2.0,28259,26488,48.459000578585005,256.0,2496.741453784355,3628.0,2448.2823605719573,3615.0,251.46702812748876,2388,251537.32666666666,0.18,0.06,0.264,0.04,87447.87093555638,87447.87093555638,0.0,0.0,0.0,69106.39871333518,18341.472222222594,0.0,20.974178131494035,13539.640101733687,18977.748149209394,3084.9650180900694,4324.021076080009,19924.726264186556,0.34765365480504185,0.053827558244173464,0.07544704557649375,830.1969276744398,864.456,0.0,0.0,0.0
cori_haswell,25,S3,rigid_easy_backfill,F30,cori_haswell_mal25_S3/rigid_easy_backfill/F30,45512.0,424714.0,4.388912037037037,2.0,28259,26488,1580.6191094314336,12236.0,4497.601875151012,16275.0,2916.9831305496828,4212.0,251.46702812748876,2388,251537.32666666666,0.18,0.06,0.264,0.04,79830.60018222251,79694.88411555527,21.574,0.1534,113.9886666666679,61489.127960000784,18341.472222222594,0.0,22.975490827271848,12168.531366133495,16966.78867032911,2772.5621437490677,3865.8301937132064,18189.154740070004,0.31737079041160665,0.04837664265335476,0.0674523693766263,757.8814475029167,864.456,0.09063359953548578,0.0004267093665806896,3.909293886375883e-06
cori_haswell,25,S3,rigid_easy_backfill,F10,cori_haswell_mal25_S3/rigid_easy_backfill/F10,45512.0,424714.0,4.388912037037037,2.0,28259,26488,403.6731333884631,3090.0,3320.137194540924,6193.06,2916.4642200996677,4212.0,251.46702812748876,2388,251537.32666666666,0.18,0.06,0.264,0.04,82654.8417544449,82609.11193777819,7.959599999999999,0.0988,37.67141666666624,64313.3695322226,18341.472222222594,0.0,22.19043897841139,12676.894849133423,17712.38844539567,2888.3911871908053,4035.712790761088,18832.649425857562,0.32859871276272967,0.050397668676556484,0.07041654087732216,784.6937260773984,864.456,0.0299529434981936,0.00015743190294964572,2.517850299699721e-06
cori_haswell,25,S3,rigid_easy_backfill,F0,cori_haswell_mal25_S3/rigid_easy_backfill/F0,45512.0,424714.0,4.388912037037037,2.0,28259,26488,311.1226554407946,2803.0,3224.013011067276,5648.0,2912.8903255058895,4212.0,251.46702812748876,2388,251537.32666666666,0.18,0.06,0.264,0.04,84046.33510444479,84046.33510444479,0.0,0.0,0.0,65704.8628822223,18341.472222222594,0.0,21.823048202434475,12927.363652133368,18079.742689795592,2945.459727386256,4119.413316381082,19149.69687138789,0.334130668470615,0.05139342070397571,0.0718769771842037,797.9040363078286,864.456,0.0,0.0,0.0
cori_haswell,25,S7,min_steal_agreement,F30,cori_haswell_mal25_S7/min_steal_agreement/F30,45512.0,424714.0,4.388912037037037,2.0,28259,26488,75.9046745159285,585.0,2497.412646015932,3626.0,2421.5079002635157,3612.0,251.46702812748876,2388,251537.32666666666,0.18,0.06,0.264,0.04,80434.28144333352,80290.10189333251,26.3042,4.0586,113.81674999999932,62092.80922111314,18341.472222222594,0.0,22.803053490499924,12277.193993133718,17126.160523262773,2797.3205864071215,3902.142576278352,18326.701643725548,0.3197707573235195,0.048808636697500025,0.06808596064137269,763.6125684885645,864.456,0.09049690676789944,0.0005202673829800582,0.00010343063994292803
cori_haswell,25,S7,min_steal_agreement,F10,cori_haswell_mal25_S7/min_steal_agreement/F10,45512.0,424714.0,4.388912037037037,2.0,28259,26488,68.06716338407843,459.0,2471.0200833354725,3618.0,2402.9529296677742,3602.0,251.46702812748876,2388,251537.32666666666,0.18,0.06,0.264,0.04,84862.10340666467,84815.05157333233,8.6899,0.7305999999999999,37.631333333333,66520.63118444514,18341.472222222594,0.0,21.61326609397021,13074.201946533482,18295.105521582424,2978.9163774993085,4168.483069880226,19335.56714979306,0.3373737986772937,0.05197718414118001,0.07273316355876999,805.6486312413774,864.456,0.029921072814136876,0.00017187641256371256,1.8618840374095308e-05
cori_haswell,25,S7,min_steal_agreement,F0,cori_haswell_mal25_S7/min_steal_agreement/F0,45512.0,424714.0,4.388912037037037,2.0,28259,26488,101.94400925128578,802.0,2516.309986183555,3841.0,2414.3660033773785,3609.0,251.46702812748876,2388,251537.32666666666,0.18,0.06,0.264,0.04,87656.13789999993,87656.13789999993,0.0,0.0,0.0,69314.665677779,18341.472222222594,0.0,20.924344445961047,13577.128155333576,19032.730627822562,3093.506554872656,4336.548663361136,19972.179246311975,0.3484816311821604,0.053976593992055,0.07566563134005332,832.1741352629989,864.456,0.0,0.0,0.0
cori_haswell,25,S7,rigid_easy_backfill,F30,cori_haswell_mal25_S7/rigid_easy_backfill/F30,45512.0,424714.0,4.388912037037037,2.0,28259,26488,1419.9611132644545,11843.0,4333.601353960284,16276.6,2913.640383332075,4212.0,251.46702812748876,2388,251537.32666666666,0.18,0.06,0.264,0.04,79821.1273100005,79685.43116000005,21.1854,2.886,111.62475000000477,61479.65508777842,18341.472222222594,0.0,22.97821747241179,12166.826249133472,16964.287832062408,2772.1736381272567,3865.2603854678828,18186.996375504463,0.3173331305050332,0.04836986387017128,0.06744242716129052,757.7915156460193,864.456,0.08875402428675994,0.0004190232972447641,7.354773243859712e-05
cori_haswell,25,S7,rigid_easy_backfill,F10,cori_haswell_mal25_S7/rigid_easy_backfill/F10,45512.0,424714.0,4.388912037037037,2.0,28259,26488,410.46553177053414,3169.0,3324.0338968517817,6191.3,2913.568245156297,4212.0,251.46702812748876,2388,251537.32666666666,0.18,0.06,0.264,0.04,82658.97962111111,82611.98710444455,8.6899,0.8502,37.45241666666636,64317.5073988886,18341.472222222594,0.0,22.189328136272056,12677.639665133302,17713.480842195495,2888.5608912071066,4035.961689984997,18833.592225948174,0.3286151630714017,0.0504006297321173,0.07042088375881136,784.7330094145073,864.456,0.029778814272203843,0.00017187641256371256,2.1666764421100233e-05
cori_haswell,25,S7,rigid_easy_backfill,F0,cori_haswell_mal25_S7/rigid_easy_backfill/F0,45512.0,424714.0,4.388912037037037,2.0,28259,26488,320.6854049006301,2960.0,3233.5762001321355,5713.0,2912.8906565992147,4212.0,251.46702812748876,2388,251537.32666666666,0.18,0.06,0.264,0.04,84043.03270444488,84043.03270444488,0.0,0.0,0.0,65701.56048222227,18341.472222222594,0.0,21.823905720685097,12926.769220133363,18078.870856195586,2945.3242878980664,4119.214671798405,19148.94442978686,0.3341175396040421,0.051391057507992506,0.07187351116342834,797.8726845744526,864.456,0.0,0.0,0.0
cori_haswell,50,S0,min_steal_agreement,F30,cori_haswell_mal50_S0/min_steal_agreement/F30,39019.0,424714.0,4.4640625,2.0,28259,26758,4.433816552381946,3.0,1988.5547321070335,3115.99,1984.1209022834294,3091.34,249.75382102438454,2388,255844.35,0.18,0.06,0.264,0.04,83996.66683000093,83858.46108000034,23.986000000000004,0.416,113.8037500000036,65204.29183000408,18792.375000000502,0.0,22.372762764543968,12864.315029400765,17965.628043121098,2881.750654118477,4024.501906754464,18816.19417962919,0.32831159581988395,0.05028180231222915,0.07022092941712842,784.0080908178829,864.456,0.08896327005071639,0.0004664294260683628,1.0423003934488553e-05
cori_haswell,50,S0,min_steal_agreement,F10,cori_haswell_mal50_S0/min_steal_agreement/F10,38450.0,424714.0,4.470648148148148,2.0,28259,26790,4.002127534781315,3.0,1936.7612259369168,3107.79,1932.7592118518103,3071.28,249.6841538429675,2388,256221.78666666665,0.18,0.06,0.264,0.04,89683.64967777854,89638.46634444434,7.1757,0.0208,37.98683333333306,70851.76078889004,18831.8888888894,0.0,20.998129487983462,13883.230275333572,19458.14040382255,3105.4177862519437,4352.420445317887,20060.547532672128,0.3500235122255745,0.054184425360342396,0.07594256779239753,835.8561471946718,864.456,0.029651524819591192,0.00013933241378276759,5.203824977881142e-07
cori_haswell,50,S0,min_steal_agreement,F0,cori_haswell_mal50_S0/min_steal_agreement/F0,46498.0,424714.0,4.3775,2.0,28259,26432,6.182884322631531,3.0,1890.0204828942192,3009.3,1883.8376669476393,2950.46,251.58956786598134,2388,250883.28,0.18,0.06,0.264,0.04,90344.32044000349,90344.32044000349,0.0,0.0,0.0,72071.32044000237,18273.00000000035,0.0,20.225953232040986,14069.217679200447,19757.74859616064,3213.9846211765725,4513.4776918699345,20638.337050828894,0.3601049876261323,0.05607873780668224,0.07875275146339222,859.9307104512039,864.456,0.0,0.0,0.0
cori_haswell,50,S0,rigid_easy_backfill,F30,cori_haswell_mal50_S0/rigid_easy_backfill/F30,45512.0,424714.0,4.388912037037037,2.0,28259,26488,1507.2501455949487,12122.0,4421.602766774011,16606.2,2914.353102612504,4212.0,251.46702812748876,2388,251537.32666666666,0.18,0.06,0.264,0.04,79797.94398333372,79664.34649999993,19.175400000000003,0.351,114.07108333333696,61456.47176111135,18341.472222222594,0.0,22.98489322739107,12162.653250333398,16958.167433822302,2771.222833288869,3863.8658717049143,18181.714126402378,0.31724096395872375,0.04835327389183537,0.06741809519306453,757.5714219334322,864.456,0.09069912990249639,0.00037926776619687377,8.944994485775325e-06
cori_haswell,50,S0,rigid_easy_backfill,F10,cori_haswell_mal50_S0/rigid_easy_backfill/F10,45512.0,424714.0,4.388912037037037,2.0,28259,26488,430.7451655024539,3675.0,3343.870533380776,6184.8,2913.125732256116,4212.0,251.46702812748876,2388,251537.32666666666,0.18,0.06,0.264,0.04,82603.50280444414,82559.17113777754,6.3784,0.054599999999999996,37.8986666666666,64262.03058222199,18341.472222222594,0.0,22.20423057075953,12667.653838133312,17698.834962595512,2886.2856514857995,4032.6246717270806,18820.952005274165,0.32839461204065756,0.0503609305465836,0.07036265828669529,784.2063335530902,864.456,0.030133632386806265,0.00012615755185863865,1.3914435866761617e-06
cori_haswell,50,S0,rigid_easy_backfill,F0,cori_haswell_mal50_S0/rigid_easy_backfill/F0,45512.0,424714.0,4.388912037037037,2.0,28259,26488,329.45518727617144,3092.0,3242.345623606161,5665.0,2912.8904791603745,4212.0,251.46702812748876,2388,251537.32666666666,0.18,0.06,0.264,0.04,84012.68903777825,84012.68903777825,0.0,0.0,0.0,65671.2168155554,18341.472222222594,0.0,21.83178806950808,12921.307360133327,18070.86012819553,2944.0798200313275,4117.389452260521,19142.030719416147,0.33399690674581495,0.05136934359351144,0.07184166408885609,797.584613309006,864.456,0.0,0.0,0.0
cori_haswell,50,S3,min_steal_agreement,F30,cori_haswell_mal50_S3/min_steal_agreement/F30,45944.0,424714.0,4.383912037037037,2.0,28259,26456,4.839620790537083,3.0,2062.3404376542185,3110.52,2057.5008294420927,3069.73,251.44969242548248,2388,251250.76666666666,0.18,0.06,0.264,0.04,82503.42100333428,82361.30968666755,26.384600000000006,1.7368000000000001,113.98991666666902,64191.9487811139,18311.472222222586,0.0,22.194803560306365,12653.239113933856,17679.133367102975,2886.2894617944535,4032.72994935633,18819.58860175854,0.32837082289500524,0.05036099703019357,0.07036449520792033,784.1495250732725,864.456,0.09073796524401982,0.0005224528004757,4.4311639248065977e-05
cori_haswell,50,S3,min_steal_agreement,F10,cori_haswell_mal50_S3/min_steal_agreement/F10,47232.0,424714.0,4.36900462962963,2.0,28259,26408,3.978455052375719,3.0,2013.8327768217964,2983.38,2009.8543286719932,2920.0,251.84988953115646,2388,250396.39333333334,0.18,0.06,0.264,0.04,87159.01771222232,87112.3036955563,8.7703,0.0338,37.90991666666649,68936.98993444629,18222.027777778116,0.0,20.906646559444688,13501.979854867019,18928.246453804946,3090.401819054976,4332.393315730942,19949.399257013603,0.3480841578903825,0.053922421465922944,0.07559312736828136,831.2249690422335,864.456,0.03027992229600538,0.00017425703602386817,8.652946784989635e-07
cori_haswell,50,S3,min_steal_agreement,F0,cori_haswell_mal50_S3/min_steal_agreement/F0,48955.0,424714.0,4.3490625,2.0,28259,26334,4.958077227543023,3.0,2016.3439220483026,3040.6,2011.3859300474671,2976.0,252.29575339512826,2388,249253.47,0.18,0.06,0.264,0.04,89181.14657777928,89181.14657777928,0.0,0.0,0.0,71078.77157777919,18102.375000000302,0.0,20.29843267849481,13880.321384000272,19488.89069653372,3191.5663166487657,4481.170527334045,20505.832366809926,0.35779299914171414,0.0556875753184109,0.07818904465616354,854.4096819504134,864.456,0.0,0.0,0.0
cori_haswell,50,S3,rigid_easy_backfill,F30,cori_haswell_mal50_S3/rigid_easy_backfill/F30,45512.0,424714.0,4.388912037037037,2.0,28259,26488,1636.3781328765479,12181.0,4553.646942804288,16563.3,2917.269372244035,4212.0,251.46702812748876,2388,251537.32666666666,0.18,0.06,0.264,0.04,79776.79454444478,79643.43167777777,19.175400000000003,0.07279999999999999,114.11466666666792,61435.32232222264,18341.472222222594,0.0,22.990986698524594,12158.846351333428,16952.583981955682,2770.3554431548573,3862.593699508365,18176.895292324487,0.31715688324128427,0.048338139362696424,0.06739589788366075,757.3706371801868,864.456,0.09073378347372646,0.00037926776619687377,1.8552581155682156e-06
cori_haswell,50,S3,rigid_easy_backfill,F10,cori_haswell_mal50_S3/rigid_easy_backfill/F10,45512.0,424714.0,4.388912037037037,2.0,28259,26488,405.68894874882966,3026.0,3322.3546994178496,6198.97,2916.66614346119,4212.0,251.46702812748876,2388,251537.32666666666,0.18,0.06,0.264,0.04,82612.11367222216,82568.00888888887,6.364999999999999,0.03119999999999999,37.70858333333304,64270.641450000396,18341.472222222594,0.0,22.201916168124637,12669.203794333425,17701.10823168901,2886.638804200421,4033.1426290418576,18822.91396479975,0.32842884500278735,0.050367092479767256,0.07037169578869797,784.2880818666562,864.456,0.029982495109605867,0.00012589251498498606,7.951106209578066e-07
cori_haswell,50,S3,rigid_easy_backfill,F0,cori_haswell_mal50_S3/rigid_easy_backfill/F0,45512.0,424714.0,4.388912037037037,2.0,28259,26488,312.14281725419056,2803.0,3225.0328531289642,5649.0,2912.8903621262457,4212.0,251.46702812748876,2388,251537.32666666666,0.18,0.06,0.264,0.04,84006.27305555578,84006.27305555578,0.0,0.0,0.0,65664.80083333317,18341.472222222594,0.0,21.83345547313216,12920.152483333324,18069.166308888864,2943.816684933094,4117.003520783112,19140.56885775924,0.3339713996677701,0.05136475231946354,0.07183493022025252,797.5237024066349,864.456,0.0,0.0,0.0
cori_haswell,50,S7,min_steal_agreement,F30,cori_haswell_mal50_S7/min_steal_agreement/F30,22154.0,424714.0,4.659259259259259,2.0,28259,27358,5.800972019080193,3.0,2066.033810768331,3204.55,2060.2328992049856,3170.0,244.65620031796502,2388,267031.4666666667,0.18,0.06,0.264,0.04,87780.43260000492,87639.37200000319,23.986000000000004,2.8106,114.26400000000325,67816.87704444982,19963.5555555564,0.0,22.742603293521796,13404.851201334352,18702.19776195701,2877.0348365344,4013.985211230837,18839.99745787069,0.3287269238182351,0.05019951906292573,0.0700374304025481,784.9998940779454,864.456,0.08558092529419754,0.00044688865631815677,6.7470200765353e-05
cori_haswell,50,S7,min_steal_agreement,F10,cori_haswell_mal50_S7/min_steal_agreement/F10,46601.0,424714.0,4.37630787037037,2.0,28259,26429,4.371637012978588,3.0,1909.3902438699913,2971.0,1905.0187176976049,2913.0,251.6295393176114,2388,250814.95666666667,0.18,0.06,0.264,0.04,87957.83496222422,87913.37409555577,6.3784,0.0208,38.06166666666664,69691.98774000064,18265.847222222572,0.0,20.766594846345768,13640.508626533468,19129.318652249072,3116.8987718816643,4371.10898475937,20098.639667866944,0.35068815724223446,0.054384749648968174,0.07626865202330002,837.443319494456,864.456,0.03035039630212377,0.0001265208971389492,5.316004081468454e-07
cori_haswell,50,S7,min_steal_agreement,F0,cori_haswell_mal50_S7/min_steal_agreement/F0,46907.0,424714.0,4.372766203703704,2.0,28259,26416,9.084948236875434,3.0,1915.633137690415,2986.09,1906.5481689358721,2920.0,251.7094707085893,2388,250611.97666666665,0.18,0.06,0.264,0.04,90593.21495333749,90593.21495333749,0.0,0.0,0.0,72348.61773111354,18244.597222222565,0.0,20.139032742816273,14117.427024933791,19829.818969902877,3228.4888711809986,4534.845460776556,20717.59859390736,0.3614879709992212,0.056331813078953775,0.07912558383543686,863.2332747461401,864.456,0.0,0.0,0.0
cori_haswell,50,S7,rigid_easy_backfill,F30,cori_haswell_mal50_S7/rigid_easy_backfill/F30,45512.0,424714.0,4.388912037037037,2.0,28259,26488,1448.0640669260945,11756.0,4366.496113477801,16215.9,2918.4321903767745,4212.0,251.46702812748876,2388,251537.32666666666,0.18,0.06,0.264,0.04,79800.9115377778,79664.12257111048,23.563899999999997,1.7004,111.5246666666672,61459.4393155561,18341.472222222594,0.0,22.984038488758024,12163.187410133454,16958.950868195716,2771.344539943171,3864.044374797891,18182.39027448168,0.31725276162900756,0.04835539747248694,0.06742120977802016,757.59959477007,864.456,0.08867444696544574,0.000466067342318101,4.3333528842200466e-05
cori_haswell,50,S7,rigid_easy_backfill,F10,cori_haswell_mal50_S7/rigid_easy_backfill/F10,45512.0,424714.0,4.388912037037037,2.0,28259,26488,429.7774082441253,3675.0,3349.6029226328906,6203.59,2919.825805409997,4212.0,251.46702812748876,2388,251537.32666666666,0.18,0.06,0.264,0.04,82618.19494111129,82572.68919111123,7.165649999999999,0.5226000000000001,37.81750000000077,64276.72271888848,18341.472222222594,0.0,22.20028195398853,12670.298422733282,17702.713686675466,2886.8882118874785,4033.5084269828753,18824.299563061417,0.3284530214102006,0.050371444233100894,0.07037807836025396,784.345815127559,864.456,0.030069095908071854,0.00014172846818572905,1.3318102901043262e-05
cori_haswell,50,S7,rigid_easy_backfill,F0,cori_haswell_mal50_S7/rigid_easy_backfill/F0,45512.0,424714.0,4.388912037037037,2.0,28259,26488,294.29537991748055,2666.0,3207.185879241166,5590.0,2912.8905939293263,4212.0,251.46702812748876,2388,251537.32666666666,0.18,0.06,0.264,0.04,84038.97790000054,84038.97790000054,0.0,0.0,0.0,65697.50567777775,18341.472222222594,0.0,21.82495870433769,12926.039355333349,18077.800387822233,2945.1579904662985,4118.970768898479,19148.02055516597,0.3341014195136441,0.05138815589172073,0.07186925545956308,797.8341897985821,864.456,0.0,0.0,0.0
cori_haswell,75,S0,min_steal_agreement,F30,cori_haswell_mal75_S0/min_steal_agreement/F30,22154.0,424714.0,4.659259259259259,2.0,28259,27358,5.181155174890203,3.0,1715.6608256798743,3074.66,1710.4796995982892,3001.94,244.65620031796502,2388,267031.4666666667,0.18,0.06,0.264,0.04,88302.59741889466,88164.42053556,23.986000000000004,0.0208,114.1700833333367,68339.0418633377,19963.5555555564,0.0,22.60811815178233,13498.840868734169,18840.049274143406,2897.207499648828,4043.5717837986645,18952.067808506803,0.3306823668430137,0.05055149880738463,0.0705536673610878,789.6694920211168,864.456,0.0855105840210592,0.00044688865631815677,4.993169344336947e-07
cori_haswell,75,S0,min_steal_agreement,F10,cori_haswell_mal75_S0/min_steal_agreement/F10,31139.0,424714.0,4.555266203703703,2.0,28259,27059,1.817842997395941,2.00001,1596.4146837569756,2793.25,1594.596839512177,2788.72,247.506574350505,2388,261071.41666666666,0.18,0.06,0.264,0.04,91735.14316666959,91688.48546666768,8.7703,0.1014,37.78600000000014,72395.54594444591,19339.597222222885,0.0,21.08199382987348,14191.574103333638,19886.008018222637,3115.4214635788007,4365.49855243457,20138.26175341486,0.3513794973725373,0.05435897305239392,0.07617075922031286,839.0942397256191,864.456,0.02894686862502821,0.00016713179056688512,2.4897401956105882e-06
cori_haswell,75,S0,min_steal_agreement,F0,cori_haswell_mal75_S0/min_steal_agreement/F0,43853.0,424714.0,4.408113425925926,2.0,28259,26555,2.6031295768544886,2.00001,1542.0703801559027,2699.59,1539.467254752024,2674.37,251.00495981473557,2388,252637.79666666666,0.18,0.06,0.264,0.04,91402.46663556085,91402.46663556085,0.0,0.0,0.0,72945.7860800026,18456.68055555596,0.0,20.192759818119875,14237.642327733824,19995.954747342927,3229.8720454869426,4536.170650632196,20735.053253844468,0.3617925260651254,0.05635594719233219,0.07914870621566507,863.9605522435195,864.456,0.0,0.0,0.0
cori_haswell,75,S0,rigid_easy_backfill,F30,cori_haswell_mal75_S0/rigid_easy_backfill/F30,45512.0,424714.0,4.388912037037037,2.0,28259,26488,1507.2311574777257,12122.0,4421.738727619299,16606.2,2914.508105859257,4212.0,251.46702812748876,2388,251537.32666666666,0.18,0.06,0.264,0.04,79787.31413777822,79653.71797111121,19.175400000000003,0.3146,114.10616666667032,61445.84191555608,18341.472222222594,0.0,22.9879554418265,12160.739878133449,16955.36115459571,2770.786877365441,3863.226469683887,18179.292149049947,0.3171987044432221,0.048345667179045246,0.06740693868097235,757.4705062104144,864.456,0.09072702503344832,0.00037926776619687377,8.017365427991218e-06
cori_haswell,75,S0,rigid_easy_backfill,F10,cori_haswell_mal75_S0/rigid_easy_backfill/F10,45512.0,424714.0,4.388912037037037,2.0,28259,26488,429.4555256821957,3642.0,3342.713337888855,6188.63,2913.2581302854123,4212.0,251.46702812748876,2388,251537.32666666666,0.18,0.06,0.264,0.04,82571.54505111113,82527.24548444418,6.3784,0.013,37.90816666666659,64230.07282888884,18341.472222222594,0.0,22.212824297849057,12661.901442533348,17690.39811571556,2884.9749859834105,4030.7023623235755,18813.67053026092,0.3282675622951724,0.05033806159239619,0.07032911715388707,783.9029387608716,864.456,0.030141185937705362,0.00012615755185863865,3.312960920657528e-07
cori_haswell,75,S0,rigid_easy_backfill,F0,cori_haswell_mal75_S0/rigid_easy_backfill/F0,45512.0,424714.0,4.388912037037037,2.0,28259,26488,292.1027253576238,2666.0,3204.992980750906,5592.0,2912.890432346723,4212.0,251.46702812748876,2388,251537.32666666666,0.18,0.06,0.264,0.04,84014.29303333373,84014.29303333373,0.0,0.0,0.0,65672.82081111126,18341.472222222594,0.0,21.83137125839455,12921.596079333383,18071.28358302228,2944.1456038058986,4117.485935129891,19142.39618483034,0.3340032835153256,0.051370491412023635,0.07184334755600731,797.5998410345974,864.456,0.0,0.0,0.0
cori_haswell,75,S3,min_steal_agreement,F30,cori_haswell_mal75_S3/min_steal_agreement/F30,24806.0,424714.0,4.628564814814815,2.0,28259,27316,6.673745058329732,3.0,1746.8975450860303,3021.93,1740.223810630766,2982.21,245.90055712813947,2388,265272.30666666664,0.18,0.06,0.264,0.04,87550.09931333612,87411.93608000365,23.965900000000005,0.0,114.19733333333404,67770.71042444705,19779.38888888968,0.0,22.592080470520692,13385.491209733851,18682.64310760961,2891.9312454889746,4036.3792784777256,18915.171941227083,0.33003859473107006,0.05045943686294274,0.07042816999018923,788.1321642177951,864.456,0.08609819454454425,0.00044947523860136074,0.0
cori_haswell,75,S3,min_steal_agreement,F10,cori_haswell_mal75_S3/min_steal_agreement/F10,39019.0,424714.0,4.4640625,2.0,28259,26758,2.00168200879589,3.0,1623.433906139846,2825.76,1621.4323507493086,2820.76,249.75382102438454,2388,255844.35,0.18,0.06,0.264,0.04,89819.06787778068,89773.12581111399,7.973,0.0104,37.95866666666663,71026.69287777884,18792.375000000502,0.0,20.922478315597544,13912.34721800022,19502.741919733635,3116.5216029121952,4368.832631651917,20120.477228484295,0.35106918670582593,0.0543781686716952,0.07622893341101195,838.3532178535123,864.456,0.029673249901095464,0.00015504218352551725,2.6057509836221387e-07
cori_haswell,75,S3,min_steal_agreement,F0,cori_haswell_mal75_S3/min_steal_agreement/F0,45815.0,424714.0,4.385405092592593,2.0,28259,26463,1.9611909373011789,2.0,1568.276687647659,2727.24,1566.315458815705,2712.44,251.4305923214366,2388,251336.33666666667,0.18,0.06,0.264,0.04,90721.53676778109,90721.53676778109,0.0,0.0,0.0,72401.10621222366,18320.430555555922,0.0,20.19413604340778,14131.424951533614,19846.709262249286,3222.3761894660693,4525.627357840317,20687.150868005156,0.3609567083334233,0.05622515685137614,0.07896474312256276,861.9646195002149,864.456,0.0,0.0,0.0
cori_haswell,75,S3,rigid_easy_backfill,F30,cori_haswell_mal75_S3/rigid_easy_backfill/F30,45512.0,424714.0,4.388912037037037,2.0,28259,26488,1671.6027254197988,12307.0,4589.669696843854,17195.2,2918.067527219873,4212.0,251.46702812748876,2388,251537.32666666666,0.18,0.06,0.264,0.04,79791.16908222267,79657.915048889,19.175400000000003,0.05979999999999999,114.01883333333494,61449.69686000047,18341.472222222594,0.0,22.986844826552417,12161.43376813344,16956.37885992903,2770.944978050562,3863.4583506887316,18180.17048618952,0.31721402997957704,0.04834842577558909,0.06741098462256999,757.50710359123,864.456,0.09065758537255134,0.00037926776619687377,1.5239620235024628e-06
cori_haswell,75,S3,rigid_easy_backfill,F10,cori_haswell_mal75_S3/rigid_easy_backfill/F10,45512.0,424714.0,4.388912037037037,2.0,28259,26488,417.93627316505484,3355.0,3335.285113790396,6197.98,2917.3488407203263,4212.0,251.46702812748876,2388,251537.32666666666,0.18,0.06,0.264,0.04,82621.27618777823,82574.00670444446,8.7502,0.8502000000000001,37.66908333333241,64279.803965555926,18341.472222222594,0.0,22.199454025058692,12670.853047133423,17703.52713579567,2887.0145813374606,4033.693768842849,18825.001615561203,0.328465271069954,0.05037364917185687,0.07038131227042937,784.37506731505,864.456,0.029951088240078035,0.00017306907849514924,2.1666764421100233e-05
cori_haswell,75,S3,rigid_easy_backfill,F0,cori_haswell_mal75_S3/rigid_easy_backfill/F0,45512.0,424714.0,4.388912037037037,2.0,28259,26488,312.160824579923,2803.0,3225.0508612590606,5649.0,2912.8902571730596,4212.0,251.46702812748876,2388,251537.32666666666,0.18,0.06,0.264,0.04,83995.34570444482,83995.34570444482,0.0,0.0,0.0,65653.87348222212,18341.472222222594,0.0,21.83629589044243,12918.185560133337,18066.281488195546,2943.368527580341,4116.346223332406,19138.079094688404,0.3339279574031338,0.05135693271182895,0.07182346146238844,797.4199622786834,864.456,0.0,0.0,0.0
cori_haswell,75,S7,min_steal_agreement,F30,cori_haswell_mal75_S7/min_steal_agreement/F30,24828.0,424714.0,4.628310185185185,2.0,28259,27314,5.827158030450402,3.0,1727.5268471988725,3018.75,1721.699709187596,2944.38,245.89608038290913,2388,265257.7133333333,0.18,0.06,0.264,0.04,87629.1811933379,87485.91366000264,26.377900000000004,2.5818,114.307833333336,67851.32008222703,19777.8611111119,0.0,22.569948551128913,13399.909281467579,18703.862946152414,2895.205538375434,4041.1861344172303,18933.29912801247,0.33035488428274135,0.05051656788064339,0.07051204170884336,788.8874636671862,864.456,0.08618624649733717,0.0004947389905620589,6.239215362307906e-05
cori_haswell,75,S7,min_steal_agreement,F10,cori_haswell_mal75_S7/min_steal_agreement/F10,37375.0,424714.0,4.4830902777777775,2.0,28259,26828,2.4260495860475015,2.00001,1598.2047785265395,2738.51,1595.7787011092887,2713.82,249.3443727587462,2388,256934.87,0.18,0.06,0.264,0.04,90241.3411400027,90193.51530666763,9.5676,0.3874,37.870833333333316,71334.79947333464,18906.541666667203,0.0,20.95108675006848,13974.656405200269,19588.648727627035,3117.1927262922227,4369.452211285143,20129.27145083824,0.3512226314007231,0.054389878669252906,0.07623974405508693,838.7196437849267,864.456,0.029478936302677276,0.00018526095737803126,9.665225017271238e-06
cori_haswell,75,S7,min_steal_agreement,F0,cori_haswell_mal75_S7/min_steal_agreement/F0,37596.0,424714.0,4.4805324074074075,2.0,28259,26818,3.4873259854713097,2.00001,1579.1339026444925,2753.54,1575.6465520792005,2704.64,249.3937249107507,2388,256788.27333333335,0.18,0.06,0.264,0.04,92911.26754667253,92911.26754667253,0.0,0.0,0.0,74020.07310222507,18891.194444444976,0.0,20.332511807521385,14457.084825067212,20296.947076765216,3226.6444052867782,4530.0301908785295,20736.657856344853,0.361820523735777,0.056299630187164613,0.07904156530706535,864.0274106810356,864.456,0.0,0.0,0.0
cori_haswell,75,S7,rigid_easy_backfill,F30,cori_haswell_mal75_S7/rigid_easy_backfill/F30,45512.0,424714.0,4.388912037037037,2.0,28259,26488,1425.0845271140895,12103.0,4340.444904171701,16372.8,2915.360837311235,4212.0,251.46702812748876,2388,251537.32666666666,0.18,0.06,0.264,0.04,79875.36849333382,79744.72552666662,18.7868,0.025999999999999995,111.83016666666973,61533.896271111866,18341.472222222594,0.0,22.962613591890126,12176.58966213349,16978.607504462438,2774.3982015082556,3868.523078426682,18199.355060954433,0.31754876920984143,0.048408678837036846,0.06749935577936003,758.3064608731013,864.456,0.08891735326014835,0.00037158169686094835,6.625921841315056e-07
cori_haswell,75,S7,rigid_easy_backfill,F10,cori_haswell_mal75_S7/rigid_easy_backfill/F10,45512.0,424714.0,4.388912037037037,2.0,28259,26488,409.0486255361337,3189.0,3329.2402708660525,6193.06,2920.191847768801,4212.0,251.46702812748876,2388,251537.32666666666,0.18,0.06,0.264,0.04,82616.83297888888,82571.34362888902,7.165649999999999,0.4992,37.82450000000104,64275.36075666657,18341.472222222594,0.0,22.20064793201332,12670.053269533339,17702.35412864888,2886.8323544909586,4033.4265028013124,18823.989244191747,0.3284476068570587,0.05037046961353571,0.07037664891822502,784.3328851746561,864.456,0.030074661682418558,0.00014172846818572905,1.2721769935324906e-05
cori_haswell,75,S7,rigid_easy_backfill,F0,cori_haswell_mal75_S7/rigid_easy_backfill/F0,45512.0,424714.0,4.388912037037037,2.0,28259,26488,312.09974272218153,2803.0,3224.989842343703,5649.0,2912.89032512836,4212.0,251.46702812748876,2388,251537.32666666666,0.18,0.06,0.264,0.04,83977.26277111136,83977.26277111136,0.0,0.0,0.0,65635.79054888876,18341.472222222594,0.0,21.84099792846804,12914.930632133332,18061.50759379554,2942.626902327308,4115.258506294626,19133.958954393758,0.3338560677413763,0.05134399257271266,0.07180448259168457,797.2482897664065,864.456,0.0,0.0,0.0
cori_knl,0,S0,min_steal_agreement,F30,cori_knl_mal0_S0/min_steal_agreement/F30,121.0,431973.0,4.998287037037037,2.0,41524,41474,1790.2956309977335,9674.0,6896.417674253749,17650.3,5106.123686767613,13882.8,345.73511295536434,9688,1162161.7155555557,0.18,0.06,0.264,0.04,297751.6729372201,297213.09013999696,74.47593333333333,0.2762833333333334,463.8305805555538,229717.70788166468,68033.96505555235,0.0,22.849230160294375,45431.225322032784,63366.83348298157,9089.359011475302,12677.709986128599,59570.74308275941,0.2562050263330899,0.03909199960206485,0.054524970694538766,2482.114295114975,2790.144,0.07982203756106829,0.00035801099029300897,1.735271984676097e-06
cori_knl,0,S0,min_steal_agreement,F10,cori_knl_mal0_S0/min_steal_agreement/F10,121.0,431973.0,4.998287037037037,2.0,41524,41474,2504.518372956551,12790.0,7610.640148092781,24450.3,5106.123686526498,13882.8,345.73511295536434,9688,1162161.7155555557,0.18,0.06,0.264,0.04,312867.3382088902,312662.49931999785,28.87866666666667,0.015983333333333336,175.9442388888962,244833.37315332916,68033.96505555235,0.0,21.745307594277715,48152.045070932385,67357.369114701,9633.709451683813,13476.090631767749,62594.91219503005,0.26921153400697617,0.04143317098336349,0.057958688720443456,2608.121341459585,2790.144,0.030278787630649343,0.00013882175877408777,1.0038763547712958e-07
cori_knl,0,S0,min_steal_agreement,F0,cori_knl_mal0_S0/min_steal_agreement/F0,121.0,431973.0,4.998287037037037,2.0,41524,41474,1557.2356898297728,7599.0,6663.358196002315,18149.0,5106.123688214303,13882.8,345.73511295536434,9688,1162161.7155555557,0.18,0.06,0.264,0.04,322182.702446664,322182.702446664,0.0,0.0,0.0,254148.737391116,68033.96505555235,0.0,21.116579052475696,49828.81063373402,69816.62527347673,9969.177493110185,13968.110425859762,64458.62353628504,0.2772270830593046,0.042875969812784645,0.060074793670261147,2685.7759806785434,2790.144,0.0,0.0,0.0
cori_knl,0,S0,rigid_easy_backfill,F30,cori_knl_mal0_S0/rigid_easy_backfill/F30,121.0,431973.0,4.998287037037037,2.0,41524,41474,1544.5426050055216,7791.0,6650.665006124319,17380.8,5106.123676640787,13882.8,345.73511295536434,9688,1162161.7155555557,0.18,0.06,0.264,0.04,297761.3588180543,297227.900299998,74.47593333333333,2.3175833333333333,456.6650013888881,229727.39376250064,68033.96505555235,0.0,22.84848689756423,45432.96878058325,63369.39055552226,9089.707822685534,12678.221575903604,59572.6809228159,0.256213360698871,0.03909349978790571,0.05452717096710537,2482.1950384506627,2790.144,0.07858889090501255,0.00035801099029300897,1.455620714418379e-05
cori_knl,0,S0,rigid_easy_backfill,F10,cori_knl_mal0_S0/rigid_easy_backfill/F10,121.0,431973.0,4.998287037037037,2.0,41524,41474,2876.2967883493275,16727.0,7982.418203669769,27736.1,5106.123685562039,13882.8,345.73511295536434,9688,1162161.7155555557,0.18,0.06,0.264,0.04,313249.7999422208,313047.05741999805,28.87866666666667,0.1507,173.71315555555992,245215.83488666432,68033.96505555235,0.0,21.718757703309397,48220.888182932715,67458.33901230148,9647.482792728497,13496.291531966619,62671.43075638848,0.2695406291132865,0.041492408102500065,0.05804556982851043,2611.3096148495197,2790.144,0.02989483360713089,0.00013882175877408777,9.465119916415074e-07
cori_knl,0,S0,rigid_easy_backfill,F0,cori_knl_mal0_S0/rigid_easy_backfill/F0,121.0,431973.0,4.998287037037037,2.0,41524,41474,1530.4019385639197,7558.0,6636.524169142113,17536.4,5106.123693759946,13882.8,345.73511295536434,9688,1162161.7155555557,0.18,0.06,0.264,0.04,322327.7766466631,322327.7766466631,0.0,0.0,0.0,254293.81159111342,68033.96505555235,0.0,21.107074842678372,49854.92398973356,69854.92486227605,9974.401954171752,13975.77296875006,64487.648319960754,0.2773519143956473,0.04289843945332607,0.060107749143055236,2686.985346665031,2790.144,0.0,0.0,0.0
cori_knl,0,S3,min_steal_agreement,F30,cori_knl_mal0_S3/min_steal_agreement/F30,121.0,431973.0,4.998287037037037,2.0,41524,41474,2027.5000241114915,8622.0,7133.622403602257,25848.5,5106.123690866567,13882.8,345.73511295536434,9688,1162161.7155555557,0.18,0.06,0.264,0.04,296975.1518288888,296422.84173999546,74.47593333333333,3.0277000000000003,474.80645555555606,228941.18677333253,68033.96505555235,0.0,22.908975594952192,45291.451522532996,63161.83191038189,9061.39467119951,12636.69562039077,59415.38563678296,0.255536856750546,0.03897172907720681,0.05434857392474698,2475.6410681992897,2790.144,0.08171090979856978,0.00035801099029300897,1.9016286377524832e-05
cori_knl,0,S3,min_steal_agreement,F10,cori_knl_mal0_S3/min_steal_agreement/F10,121.0,431973.0,4.998287037037037,2.0,41524,41474,1743.498336307084,6735.0,6849.620595264503,23205.1,5106.123690866567,13882.8,345.73511295536434,9688,1162161.7155555557,0.18,0.06,0.264,0.04,312768.259225556,312562.3424199984,28.87866666666667,0.0274,177.01073888888914,244734.2941699994,68033.96505555235,0.0,21.752196090489146,48134.21085393303,67331.21226310194,9630.141385891031,13470.857468605003,62575.08960729148,0.2691262799652984,0.0414178252558622,0.057936181653441554,2607.295400303811,2790.144,0.0304623249104831,0.00013882175877408777,1.72093089389365e-07
cori_knl,0,S3,min_steal_agreement,F0,cori_knl_mal0_S3/min_steal_agreement/F0,121.0,431973.0,4.998287037037037,2.0,41524,41474,1557.2074793846748,7599.0,6663.3299807349185,18149.0,5106.123692554372,13882.8,345.73511295536434,9688,1162161.7155555557,0.18,0.06,0.264,0.04,322182.71644666395,322182.71644666395,0.0,0.0,0.0,254148.751391116,68033.96505555235,0.0,21.116578134884247,49828.81315373402,69816.62896947673,9969.177997282912,13968.111165313094,64458.62633724463,0.27722709510582083,0.04287597198115758,0.06007479685054144,2685.7760973851928,2790.144,0.0,0.0,0.0
cori_knl,0,S3,rigid_easy_backfill,F30,cori_knl_mal0_S3/rigid_easy_backfill/F30,121.0,431973.0,4.998287037037037,2.0,41524,41474,2505.1318416357235,10935.0,7611.253949823986,25145.9,5106.123680016396,13882.8,345.73511295536434,9688,1162161.7155555557,0.18,0.06,0.264,0.04,297115.8090030551,296563.44525999523,74.47593333333333,2.9706166666666665,474.91719305555216,229081.84394749894,68033.96505555235,0.0,22.898130289274775,45316.76981388295,63198.965404361814,9066.46006483584,12644.124864390718,59443.52671254032,0.25565788738878126,0.038993514592089176,0.054380526013241115,2476.813613022513,2790.144,0.08172996695705603,0.00035801099029300897,1.8657759107963654e-05
cori_knl,0,S3,rigid_easy_backfill,F10,cori_knl_mal0_S3/rigid_easy_backfill/F10,121.0,431973.0,4.998287037037037,2.0,41524,41474,1846.4559965279452,8671.0,6952.578323720885,18171.0,5106.123679775281,13882.8,345.73511295536434,9688,1162161.7155555557,0.18,0.06,0.264,0.04,312399.34232555574,312191.22972000035,28.87866666666667,0.09361666666666667,179.14032222222755,244365.37726999732,68033.96505555235,0.0,21.77788357334415,48067.80581193266,67233.81820150139,9616.855825956536,13451.371980701073,62501.28094098908,0.2688088397200535,0.04136068601171782,0.057852377428696464,2604.220039207878,2790.144,0.03082881148542854,0.00013882175877408777,5.879847220803304e-07
cori_knl,0,S3,rigid_easy_backfill,F0,cori_knl_mal0_S3/rigid_easy_backfill/F0,121.0,431973.0,4.998287037037037,2.0,41524,41474,1530.3827217051646,7558.0,6636.504949872209,17536.4,5106.123695447751,13882.8,345.73511295536434,9688,1162161.7155555557,0.18,0.06,0.264,0.04,322327.7446466631,322327.7446466631,0.0,0.0,0.0,254293.77959111345,68033.96505555235,0.0,21.107076938143024,49854.91822973356,69854.91641427606,9974.40080177695,13975.77127857102,64487.64191776741,0.277351886860753,0.04289843449704509,0.06010774187384314,2686.985079906975,2790.144,0.0,0.0,0.0
cori_knl,0,S7,min_steal_agreement,F30,cori_knl_mal0_S7/min_steal_agreement/F30,121.0,431973.0,4.998287037037037,2.0,41524,41474,1544.6752664319574,8087.0,6650.797594010705,17545.8,5106.123689419877,13882.8,345.73511295536434,9688,1162161.7155555557,0.18,0.06,0.264,0.04,298606.948828889,298084.2250399968,74.47593333333333,0.21006666666666668,448.03778888888763,230572.98377333253,68033.96505555235,0.0,22.783784946189552,45585.174982533,63592.62631838188,9120.159495593052,12722.884029501298,59741.856883413784,0.25694096168547764,0.039224467965494475,0.054719257627568886,2489.2440368089074,2790.144,0.077104207253069,0.00035801099029300897,1.3193803519851317e-06
cori_knl,0,S7,min_steal_agreement,F10,cori_knl_mal0_S7/min_steal_agreement/F10,121.0,431973.0,4.998287037037037,2.0,41524,41474,1634.1276221247047,8900.0,6740.249736919516,17230.4,5106.12368122197,13882.8,345.73511295536434,9688,1162161.7155555557,0.18,0.06,0.264,0.04,311883.2321055547,311673.39009999926,28.87866666666667,0.11873333333333333,180.84460555556188,243849.26704999656,68033.96505555235,0.0,21.813922023395836,47974.90597233252,67097.56510342119,9598.269490495655,13424.112022025118,62398.02352176192,0.26836474470892646,0.041280748909715004,0.057735136345759,2599.91764674008,2790.144,0.031122106869456677,0.00013882175877408777,7.457367206872484e-07
cori_knl,0,S7,min_steal_agreement,F0,cori_knl_mal0_S7/min_steal_agreement/F0,121.0,431973.0,4.998287037037037,2.0,41524,41474,1557.2320248830592,7599.0,6663.354528644452,18149.0,5106.123690625452,13882.8,345.73511295536434,9688,1162161.7155555557,0.18,0.06,0.264,0.04,322182.70044666395,322182.70044666395,0.0,0.0,0.0,254148.73539111597,68033.96505555235,0.0,21.116579183560198,49828.810273734016,69816.62474547671,9969.17742108551,13968.110320223568,64458.62313614795,0.2772270813383737,0.04287596950301708,0.060074793215935375,2685.7759640061645,2790.144,0.0,0.0,0.0
cori_knl,0,S7,rigid_easy_backfill,F30,cori_knl_mal0_S7/rigid_easy_backfill/F30,121.0,431973.0,4.998287037037037,2.0,41524,41474,2175.5955056179773,7834.0,7281.7176590876215,25507.3,5106.12368025751,13882.8,345.73511295536434,9688,1162161.7155555557,0.18,0.06,0.264,0.04,298855.50258722226,298328.98794000014,74.47593333333333,1.87005,450.1686638888816,230821.5375316631,68033.96505555235,0.0,22.764836004883783,45629.914659032496,63658.24451058116,9129.110497439882,12736.012165543316,59791.58467145226,0.2571548336062322,0.039262964911229874,0.05477571981464748,2491.316027977178,2790.144,0.07747091611492156,0.00035801099029300897,1.1745353350824161e-05
cori_knl,0,S7,rigid_easy_backfill,F10,cori_knl_mal0_S7/rigid_easy_backfill/F10,121.0,431973.0,4.998287037037037,2.0,41524,41474,1345.232145440517,6144.0,6451.354393861215,17138.0,5106.123683392005,13882.8,345.73511295536434,9688,1162161.7155555557,0.18,0.06,0.264,0.04,312705.9869888872,312497.32520000066,28.87866666666667,0.6347666666666667,179.1483555555594,244672.0219333331,68033.96505555235,0.0,21.75652782048273,48123.0018513331,67314.77239262204,9627.898817083584,13467.56836768741,62562.63089169404,0.2690726968573408,0.04140818029643022,0.05792203571294131,2606.776287153918,2790.144,0.030830193966579964,0.00013882175877408777,3.986823237520289e-06
cori_knl,0,S7,rigid_easy_backfill,F0,cori_knl_mal0_S7/rigid_easy_backfill/F0,121.0,431973.0,4.998287037037037,2.0,41524,41474,1530.4033370304287,7558.0,6636.525557964025,17536.4,5106.123678087476,13882.8,345.73511295536434,9688,1162161.7155555557,0.18,0.06,0.264,0.04,322327.7926466631,322327.7926466631,0.0,0.0,0.0,254293.82759111343,68033.96505555235,0.0,21.107073794946203,49854.92686973356,69854.92908627605,9974.402530369152,13975.773813839582,64487.65152105743,0.27735192816309445,0.04289844193146656,0.06010775277766128,2686.9854800440594,2790.144,0.0,0.0,0.0
cori_knl,100,S0,min_steal_agreement,F30,cori_knl_mal100_S0/min_steal_agreement/F30,37096.0,431973.0,4.5703356481481485,2.0,41524,35733,52.49085334679428,198.0,3078.6848732949934,7601.24,3026.194074104609,7373.73,325.769290184032,9688,1062657.8822222222,0.18,0.06,0.264,0.04,278221.6971924981,277663.25274666597,69.18946666666668,0.0,489.2549791666558,213851.58134527862,64370.11584721923,0.0,23.136267407168596,42355.49159298331,59031.622109042335,9267.479426843694,12916.255315506492,60875.55020280197,0.26181681032721743,0.03985806937639217,0.05555091915903908,2536.4812584500824,2790.144,0.09208137206746922,0.0003637420281728092,0.0
cori_knl,100,S0,min_steal_agreement,F10,cori_knl_mal100_S0/min_steal_agreement/F10,37096.0,431973.0,4.5703356481481485,2.0,41524,35733,3.8072242317185796,5.99999,2572.9681555847537,6584.97,2569.160964152184,6582.97,325.769290184032,9688,1062657.8822222222,0.18,0.06,0.264,0.04,296748.2199599926,296562.6901599914,23.102933333333336,0.0,162.4268666666694,232378.1041127776,64370.11584721923,0.0,21.691828802173628,45690.26569113312,63922.62411966206,9997.13570482429,13986.4178565447,64929.19619158209,0.2792509470116901,0.042996213979598005,0.060153531243740975,2705.383174649254,2790.144,0.030569926480383473,0.00012145646197698493,0.0
cori_knl,100,S0,min_steal_agreement,F0,cori_knl_mal100_S0/min_steal_agreement/F0,37096.0,431973.0,4.5703356481481485,2.0,41524,35733,2.5504581631265215,5.0,2474.8874292631463,6366.61,2472.337014669913,6364.61,325.769290184032,9688,1062657.8822222222,0.18,0.06,0.264,0.04,305953.9031466572,305953.9031466572,0.0,0.0,0.0,241583.78729944976,64370.11584721923,0.0,21.039154978965506,47347.28866473411,66352.9244809435,10359.696160153735,14518.173191027885,66943.42094341069,0.2879138321609667,0.044555533306469074,0.06244053292315187,2789.309205975446,2790.144,0.0,0.0,0.0
cori_knl,100,S0,rigid_easy_backfill,F30,cori_knl_mal100_S0/rigid_easy_backfill/F30,121.0,431973.0,4.998287037037037,2.0,41524,41474,1829.3641252076482,9844.0,6945.856454627477,18064.7,5116.493400925881,13909.3,345.73511295536434,9688,1162161.7155555557,0.18,0.06,0.264,0.04,293664.6800697224,293049.8105600001,81.81493333333333,0.6941333333333334,532.3604430555498,225630.71501416794,68033.96505555235,0.0,23.167227682743327,44695.56660588337,62287.86736596243,8942.176844725329,12461.84280822864,58753.0643785927,0.25268831018869004,0.03845899069607301,0.05359655763241741,2448.044349108029,2790.144,0.09161555331412168,0.0003932900736178288,4.359691597863913e-06
cori_knl,100,S0,rigid_easy_backfill,F10,cori_knl_mal100_S0/rigid_easy_backfill/F10,121.0,431973.0,4.998287037037037,2.0,41524,41474,2726.7973846012924,17269.0,7835.243382710372,28485.6,5108.4477429232775,13909.3,345.73511295536434,9688,1162161.7155555557,0.18,0.06,0.264,0.04,312887.00581722264,312673.2672199989,28.8548,0.029683333333333332,184.8541138888902,244853.0407616668,68033.96505555235,0.0,21.743940716827133,48155.58524043317,67362.56136330214,9634.41772823427,13477.129437375084,62598.847064753754,0.2692284573043703,0.04143621717689525,0.0579631564709567,2608.2852943647395,2790.144,0.03181211554547241,0.0001387070300478282,1.864341801718121e-07
cori_knl,100,S0,rigid_easy_backfill,F0,cori_knl_mal100_S0/rigid_easy_backfill/F0,121.0,431973.0,4.998287037037037,2.0,41524,41474,1605.2053976543618,7269.0,6711.327259727058,17836.1,5106.122793919082,13882.8,345.73511295536434,9688,1162161.7155555557,0.18,0.06,0.264,0.04,322387.50044666586,322387.50044666586,0.0,0.0,0.0,254353.5353911138,68033.96505555235,0.0,21.103164657839315,49865.674273733624,69870.69194547615,9976.552747817737,13978.927466097504,64499.597173550035,0.27740330466191004,0.04290768970125299,0.06012131617334806,2687.483215564585,2790.144,0.0,0.0,0.0
cori_knl,100,S3,min_steal_agreement,F30,cori_knl_mal100_S3/min_steal_agreement/F30,37096.0,431973.0,4.5703356481481485,2.0,41524,35733,59.96458802616665,143.0,3181.9804198253714,7741.47,3122.01585444687,7535.06,325.769290184032,9688,1062657.8822222222,0.18,0.06,0.264,0.04,278627.3018575011,278073.38018666254,68.45556666666667,3.21265,482.2534541666621,214257.1860102789,64370.11584721923,0.0,23.102587369611097,42428.50043268336,59138.70174060241,9283.453929663774,12939.684586309275,60964.297440691895,0.26219849917721194,0.03992677336939072,0.05565168501543696,2540.179060028829,2790.144,0.09076363375918915,0.0003598837779602139,2.2067309142770892e-05
cori_knl,100,S3,min_steal_agreement,F10,cori_knl_mal100_S3/min_steal_agreement/F10,37096.0,431973.0,4.5703356481481485,2.0,41524,35733,4.230897052361743,6.0,2587.053519736658,6575.57,2582.822683154507,6568.07,325.769290184032,9688,1062657.8822222222,0.18,0.06,0.264,0.04,296790.230875823,296605.4411466602,22.995533333333334,0.031966666666666664,161.76222916666973,232420.11502861447,64370.11584721923,0.0,21.688758304902457,45697.82765598376,63933.71500144299,9998.790280206233,13988.844567104881,64938.388277035905,0.2792904808226496,0.04300333006557182,0.060163968169835894,2705.7661782098294,2790.144,0.03044483683278963,0.0001208918399946539,2.1957521535095417e-07
cori_knl,100,S3,min_steal_agreement,F0,cori_knl_mal100_S3/min_steal_agreement/F0,37096.0,431973.0,4.5703356481481485,2.0,41524,35733,2.5504553884084737,5.0,2474.887427776285,6366.61,2472.3370239014357,6364.61,325.769290184032,9688,1062657.8822222222,0.18,0.06,0.264,0.04,305954.39087998995,305954.39087998995,0.0,0.0,0.0,241584.2750327841,64370.11584721923,0.0,21.039121439661994,47347.37645673429,66353.05324254377,10359.715369246227,14518.20136436354,66943.52766059084,0.287914291135902,0.0445556159219577,0.062440654092535186,2789.3136525246186,2790.144,0.0,0.0,0.0
cori_knl,100,S3,rigid_easy_backfill,F30,cori_knl_mal100_S3/rigid_easy_backfill/F30,121.0,431973.0,4.998287037037037,2.0,41524,41474,2191.6259746233063,9346.0,7313.095770634132,25225.5,5121.470792424169,14011.5,345.73511295536434,9688,1162161.7155555557,0.18,0.06,0.264,0.04,293793.14228472044,293177.66839999746,81.7135,0.2603000000000001,533.5000847222151,225759.17722916874,68033.96505555235,0.0,23.1570977206879,44718.68980458351,62321.781390722645,8946.803069375655,12468.627937715784,58778.76562664952,0.2527988474859341,0.038478887409577375,0.053625739478890475,2449.1152344437296,2790.144,0.09181167776933519,0.0003928024765312256,1.6348843491989675e-06
cori_knl,100,S3,rigid_easy_backfill,F10,cori_knl_mal100_S3/rigid_easy_backfill/F10,121.0,431973.0,4.998287037037037,2.0,41524,41474,2123.724543532888,10849.0,7234.114264198293,20054.0,5110.391087548825,13882.8,345.73511295536434,9688,1162161.7155555557,0.18,0.06,0.264,0.04,312053.9679555529,311835.3896999973,28.872700000000002,0.02511666666666667,189.68043888889014,244020.00290000002,68033.96505555235,0.0,21.80198684903206,48005.63842533314,67142.6393678221,9604.418087559588,13433.129964385555,62432.18239433828,0.268511657008405,0.04130719312362195,0.05777392119282253,2601.3409330974278,2790.144,0.03264269272511954,0.00013879307659252286,1.5775199860691791e-07
cori_knl,100,S3,rigid_easy_backfill,F0,cori_knl_mal100_S3/rigid_easy_backfill/F0,121.0,431973.0,4.998287037037037,2.0,41524,41474,1605.186179893379,7269.0,6711.308042704104,17836.1,5106.122793677967,13882.8,345.73511295536434,9688,1162161.7155555557,0.18,0.06,0.264,0.04,322424.9644466651,322424.9644466651,0.0,0.0,0.0,254390.99939111707,68033.96505555235,0.0,21.10071258666647,49872.41779373421,69880.582441477,9977.901914032205,13980.906243212057,64507.092541407386,0.2774355411394138,0.04291349226720429,0.06012982660340996,2687.795522558641,2790.144,0.0,0.0,0.0
cori_knl,100,S7,min_steal_agreement,F30,cori_knl_mal100_S7/min_steal_agreement/F30,37096.0,431973.0,4.5703356481481485,2.0,41524,35733,33.88712779044036,93.0,3096.33340750035,7244.15,3062.4463195908543,7155.43,325.769290184032,9688,1062657.8822222222,0.18,0.06,0.264,0.04,278243.88863165316,277685.5213066574,69.01046666666667,0.03425,489.3226083333312,213873.77278444712,64370.11584721923,0.0,23.134422166027928,42359.48605203364,59037.48064898282,9268.353423713475,12917.537177582171,60880.40574096448,0.26183769328449497,0.0398618283087044,0.05555643225976368,2536.683572540187,2790.144,0.0920941003721848,0.00036280099153559087,2.3525915930459376e-07
cori_knl,100,S7,min_steal_agreement,F10,cori_knl_mal100_S7/min_steal_agreement/F10,37096.0,431973.0,4.5703356481481485,2.0,41524,35733,3.9075788187669662,5.99997,2586.7227861307474,6662.41,2582.815239685445,6629.07,325.769290184032,9688,1062657.8822222222,0.18,0.06,0.264,0.04,296706.5604491604,296520.3541866586,23.102933333333336,0.0,163.10332916667122,232336.4446019458,64370.11584721923,0.0,21.694874474556425,45682.7669791834,63911.62600880247,9995.494969323221,13984.011444476466,64920.080994353826,0.2792117438857084,0.04298915741692137,0.060143181618481915,2705.003374764743,2790.144,0.03069724167962434,0.00012145646197698493,0.0
cori_knl,100,S7,min_steal_agreement,F0,cori_knl_mal100_S7/min_steal_agreement/F0,37096.0,431973.0,4.5703356481481485,2.0,41524,35733,2.5504553884084737,5.0,2474.887427776285,6366.61,2472.3370239014357,6364.61,325.769290184032,9688,1062657.8822222222,0.18,0.06,0.264,0.04,305954.39087998995,305954.39087998995,0.0,0.0,0.0,241584.2750327841,64370.11584721923,0.0,21.039121439661994,47347.37645673429,66353.05324254377,10359.715369246227,14518.20136436354,66943.52766059084,0.287914291135902,0.0445556159219577,0.062440654092535186,2789.3136525246186,2790.144,0.0,0.0,0.0
cori_knl,100,S7,rigid_easy_backfill,F30,cori_knl_mal100_S7/rigid_easy_backfill/F30,121.0,431973.0,4.998287037037037,2.0,41524,41474,2926.393204662608,15474.0,8046.5446198427935,26805.0,5120.152826156146,13909.3,345.73511295536434,9688,1162161.7155555557,0.18,0.06,0.264,0.04,294302.6571522205,293687.93777999986,81.70156666666666,0.6050833333333331,532.4127222222196,226268.69209666664,68033.96505555235,0.0,23.11700672833665,44810.40248073314,62456.293315742085,8965.151890775875,12495.539542436103,58880.70352331783,0.25323726742412356,0.03855780299845115,0.053741482342572006,2453.362646804909,2790.144,0.09162455019742405,0.00039274511216809584,3.800389057348477e-06
cori_knl,100,S7,rigid_easy_backfill,F10,cori_knl_mal100_S7/rigid_easy_backfill/F10,121.0,431973.0,4.998287037037037,2.0,41524,41474,1371.569891303612,5982.0,6485.200727262863,17127.5,5113.631761971355,13900.9,345.73511295536434,9688,1162161.7155555557,0.18,0.06,0.264,0.04,312325.406055553,312112.1901000006,28.759333333333334,0.5434333333333333,183.91318888889276,244291.44100000142,68033.96505555235,0.0,21.78303901522863,48054.497283333396,67214.29902622248,9614.193208043509,13447.46680776197,62486.48861924868,0.26874522011443996,0.041349234482708455,0.057835581852816065,2603.6036924686946,2790.144,0.031650188855338726,0.00013824811514278988,3.413179606222406e-06
cori_knl,100,S7,rigid_easy_backfill,F0,cori_knl_mal100_S7/rigid_easy_backfill/F0,121.0,431973.0,4.998287037037037,2.0,41524,41474,1605.2067947802238,7269.0,6711.328657990066,17836.1,5106.122793436852,13882.8,345.73511295536434,9688,1162161.7155555557,0.18,0.06,0.264,0.04,322420.6024466651,322420.6024466651,0.0,0.0,0.0,254386.63739111635,68033.96505555235,0.0,21.100998056352974,49871.63263373408,69879.43087347681,9977.744828215742,13980.675850681244,64506.21984242719,0.27743178778913424,0.042912816664153856,0.06012883571893598,2687.7591601011327,2790.144,0.0,0.0,0.0
cori_knl,25,S0,min_steal_agreement,F30,cori_knl_mal25_S0/min_steal_agreement/F30,37652.0,431973.0,4.563900462962963,2.0,41524,35713,467.38562925601303,2810.0,5488.440393404362,16748.8,5021.054983715174,15687.7,326.0460386334991,9688,1061161.6244444444,0.18,0.06,0.264,0.04,277777.09737832774,277225.7191199947,68.81953333333334,3.5208999999999993,479.03782499999363,213538.25930889245,64238.83806944148,0.0,23.126038350796524,42291.21695976713,58943.65398032527,9266.463478546362,12915.192708225286,60863.96923696053,0.2617670022921851,0.03985369993181583,0.05554634904101847,2535.9987182066893,2790.144,0.09028555386193751,0.00036230735998199004,2.4218742374381336e-05
cori_knl,25,S0,min_steal_agreement,F10,cori_knl_mal25_S0/min_steal_agreement/F10,37788.0,431973.0,4.562326388888889,2.0,41524,35705,529.9505390085423,3835.0,5791.311110370536,17508.9,5261.36107392242,16649.3,326.085467483542,9688,1060795.6333333333,0.18,0.06,0.264,0.04,296289.9780591607,296106.7024799905,23.102933333333336,0.0548,160.11784583333662,232083.25110083292,64206.72695833037,0.0,21.67023244556389,45627.38881564975,63838.24736895311,10000.904127940277,13992.477067056201,64942.74034859643,0.2793091984439359,0.04301242141455184,0.060179591019199875,2705.947514524851,2790.144,0.030188255079858454,0.00012166968133258718,3.770754586753735e-07
cori_knl,25,S0,min_steal_agreement,F0,cori_knl_mal25_S0/min_steal_agreement/F0,37788.0,431973.0,4.562326388888889,2.0,41524,35705,1509.9170698157695,7511.0,7852.753624425711,26090.9,6342.836926741913,22178.1,326.085467483542,9688,1060795.6333333333,0.18,0.06,0.264,0.04,305482.2667999881,305482.2667999881,0.0,0.0,0.0,241275.53984167683,64206.72695833037,0.0,21.01815193101509,47282.00078900165,66265.0115965359,10363.57260720155,14524.3908366394,66957.56523337767,0.28797466467699584,0.044572205336505424,0.062467274104731796,2789.8985513907355,2790.144,0.0,0.0,0.0
cori_knl,25,S0,rigid_easy_backfill,F30,cori_knl_mal25_S0/rigid_easy_backfill/F30,121.0,431973.0,4.998287037037037,2.0,41524,41474,2411.4717884870265,11245.0,7519.510157819839,28530.6,5108.040414838212,13898.7,345.73511295536434,9688,1162161.7155555557,0.18,0.06,0.264,0.04,297309.78166805435,296750.7243999949,82.90683333333335,7.233600000000003,468.91683472222405,229275.81661249846,68033.96505555235,0.0,22.88319095115145,45351.68489358286,63250.174187921686,9073.445473925232,12654.370131055162,59482.33454081467,0.2558247941646653,0.03902355781174834,0.054424589402074564,2478.430605867278,2790.144,0.08069734675402948,0.00039853891284420445,4.543257559879236e-05
cori_knl,25,S0,rigid_easy_backfill,F10,cori_knl_mal25_S0/rigid_easy_backfill/F10,121.0,431973.0,4.998287037037037,2.0,41524,41474,2742.5824124839655,16528.0,7849.481014760573,27505.1,5106.9007960408935,13898.7,345.73511295536434,9688,1162161.7155555557,0.18,0.06,0.264,0.04,312690.85691722325,312477.1988200011,28.87866666666667,0.1644,184.61503055556247,244656.8918616649,68033.96505555235,0.0,21.75758054657881,48120.27843843282,67310.77805370162,9627.35394783536,13466.769226123348,62559.603840315875,0.2690596779534642,0.04140583689373176,0.0579185987223169,2606.650160013161,2790.144,0.03177097095601757,0.00013882175877408777,1.03255853633619e-06
cori_knl,25,S0,rigid_easy_backfill,F0,cori_knl_mal25_S0/rigid_easy_backfill/F0,121.0,431973.0,4.998287037037037,2.0,41524,41474,1568.0612914848934,8481.0,6674.185597992719,17297.5,5106.1238955731305,13882.8,345.73511295536434,9688,1162161.7155555557,0.18,0.06,0.264,0.04,322335.8422466629,322335.8422466629,0.0,0.0,0.0,254301.87719111424,68033.96505555235,0.0,21.106546694081366,49856.3757977337,69857.05418067626,9974.692415281605,13976.198978377844,64489.26199279307,0.27735885456575604,0.042899688683945794,0.06010958134796417,2687.0525830330444,2790.144,0.0,0.0,0.0
cori_knl,25,S3,min_steal_agreement,F30,cori_knl_mal25_S3/min_steal_agreement/F30,37814.0,431973.0,4.562025462962963,2.0,41524,35703,1155.7657616181002,10398.0,6080.940010066381,27331.1,4925.1751602139875,14558.3,326.0887103935214,9688,1060725.6644444445,0.18,0.06,0.264,0.04,275148.619279997,274573.6596799959,86.49876666666667,11.167783333333333,477.2930499999998,210948.03121055596,64200.58806944149,0.0,23.333058416735,41822.68090206656,58258.303762364434,9167.568493776751,12770.271502282802,60312.819714358266,0.25939658905500906,0.03942836711127491,0.054923064195752484,2513.034154764928,2790.144,0.08999368375799269,0.0004555686258297776,7.684990511600476e-05
cori_knl,25,S3,min_steal_agreement,F10,cori_knl_mal25_S3/min_steal_agreement/F10,37814.0,431973.0,4.562025462962963,2.0,41524,35703,700.0732693070328,3817.0,6283.371882104025,18359.4,5583.298812913761,17650.4,326.0887103935214,9688,1060725.6644444445,0.18,0.06,0.264,0.04,296345.7185624977,296159.282000001,25.9729,0.04566666666666667,160.41799583333935,232145.13049305146,64200.58806944149,0.0,21.664084900859446,45638.15877291575,63854.33797294325,10003.92460397941,13996.927130580036,64959.24254881862,0.27938017198604215,0.04302541203885998,0.06019873008954392,2706.635106200776,2790.144,0.0302468397269057,0.00013679314535676497,3.1425027649153454e-07
cori_knl,25,S3,min_steal_agreement,F0,cori_knl_mal25_S3/min_steal_agreement/F0,37814.0,431973.0,4.562025462962963,2.0,41524,35703,1739.8609916311516,7204.0,8219.64188465227,25828.5,6479.7813764776065,21742.0,326.0887103935214,9688,1060725.6644444445,0.18,0.06,0.264,0.04,305470.8693599875,305470.8693599875,0.0,0.0,0.0,241270.28129056323,64200.58806944149,0.0,21.01692649251709,47280.68591646787,66263.37778348636,10363.968000687091,14524.990779084636,66959.48364163426,0.2879829154694565,0.04457390586587829,0.06246985436917078,2789.9784850680944,2790.144,0.0,0.0,0.0
cori_knl,25,S3,rigid_easy_backfill,F30,cori_knl_mal25_S3/rigid_easy_backfill/F30,121.0,431973.0,4.998287037037037,2.0,41524,41474,2885.315619069073,14725.0,7993.397549129334,26612.7,5108.0836366398225,13898.7,345.73511295536434,9688,1162161.7155555557,0.18,0.06,0.264,0.04,298545.8495438823,297999.03037999506,83.1097,9.089950000000002,454.6195138888965,230511.8844883338,68033.96505555235,0.0,22.78844779101585,45574.17711123322,63576.496107142215,9117.959167516998,12719.656881656418,59729.63283854522,0.2568883878618962,0.03921500467725105,0.0547053781381452,2488.7347016060507,2790.144,0.07823687664183021,0.00039951410701741084,5.7091882404921836e-05
cori_knl,25,S3,rigid_easy_backfill,F10,cori_knl_mal25_S3/rigid_easy_backfill/F10,121.0,431973.0,4.998287037037037,2.0,41524,41474,2685.7916525708647,11279.0,7796.793933018276,28272.4,5111.001249819164,13898.7,345.73511295536434,9688,1162161.7155555557,0.18,0.06,0.264,0.04,313110.73155555554,312892.5885999988,37.482600000000005,5.8453333333333335,174.81502222221934,245076.76649999834,68033.96505555235,0.0,21.728404107248245,48195.85587333284,67421.62495822166,9642.474615043944,13488.94620469594,62643.60754703,0.2694209655717984,0.0414708686650321,0.0580139786535574,2610.150314459583,2790.144,0.030084457245892718,0.00018018146459066516,3.6713192403064535e-05
cori_knl,25,S3,rigid_easy_backfill,F0,cori_knl_mal25_S3/rigid_easy_backfill/F0,121.0,431973.0,4.998287037037037,2.0,41524,41474,1503.1046438732733,7452.0,6609.228916260789,17287.0,5106.124143921493,13882.8,345.73511295536434,9688,1162161.7155555557,0.18,0.06,0.264,0.04,322187.29224666266,322187.29224666266,0.0,0.0,0.0,254153.32719111434,68033.96505555235,0.0,21.116278230944747,49829.63679773372,69817.8369806763,9969.342782537058,13968.352850352509,64459.54181087885,0.2772310324236119,0.0428766806983599,0.060075836302438186,2685.8142421199523,2790.144,0.0,0.0,0.0
cori_knl,25,S7,min_steal_agreement,F30,cori_knl_mal25_S7/min_steal_agreement/F30,37652.0,431973.0,4.563900462962963,2.0,41524,35713,471.55091967034224,2882.0,5543.089128242937,16884.6,5071.538046930249,16244.0,326.0460386334991,9688,1061161.6244444444,0.18,0.06,0.264,0.04,276940.0474291665,276361.00559999933,86.69566666666667,4.2835333333333345,488.06262916665975,212701.20935972495,64238.83806944148,0.0,23.195936689464162,42140.54796891698,58722.67279374505,9233.450271515914,12866.773337913963,60680.5625312372,0.2609781969585966,0.039711714971768834,0.05533810443294954,2528.3567721348836,2790.144,0.09198648310000555,0.0004564180631644109,2.9464565949636437e-05
cori_knl,25,S7,min_steal_agreement,F10,cori_knl_mal25_S7/min_steal_agreement/F10,37783.0,431973.0,4.562384259259259,2.0,41524,35706,701.1531393510398,4602.0,6196.2534062404075,18171.0,5495.099839558057,17645.6,326.09046398944673,9688,1060809.088888889,0.18,0.06,0.264,0.04,296360.13647999236,296175.3390133315,31.76653333333334,1.648566666666667,151.38236666667143,232152.2289661096,64207.907513885926,0.0,21.665500723718516,45639.875664732885,63856.50474760838,10003.514187150668,13996.301301893413,64957.294177608106,0.2793717923273126,0.04302364689629209,0.060196038492178514,2706.5539240670046,2790.144,0.02854092564859665,0.00016729368981231914,1.1343542829122316e-05
cori_knl,25,S7,min_steal_agreement,F0,cori_knl_mal25_S7/min_steal_agreement/F0,37783.0,431973.0,4.562384259259259,2.0,41524,35706,1187.7479124002969,4920.0,7651.102259013331,25158.7,6463.354781538117,22228.8,326.09046398944673,9688,1060809.088888889,0.18,0.06,0.264,0.04,305261.4093333207,305261.4093333207,0.0,0.0,0.0,241053.50181945245,64207.907513885926,0.0,21.033745357499843,47242.10477833459,66206.44078089089,10354.69660023874,14511.368841089254,66908.30758364979,0.2877628147521409,0.04453403093276364,0.062411268412336796,2787.846149318741,2790.144,0.0,0.0,0.0
cori_knl,25,S7,rigid_easy_backfill,F30,cori_knl_mal25_S7/rigid_easy_backfill/F30,121.0,431973.0,4.998287037037037,2.0,41524,41474,2117.0995077251773,7727.0,7226.581620457877,23183.5,5109.483695086078,13882.8,345.73511295536434,9688,1162161.7155555557,0.18,0.06,0.264,0.04,298722.4472363873,298192.8836600008,74.43416666666667,0.8882166666666665,454.2411930555459,230688.48218083545,68033.96505555235,0.0,22.774975796082444,45605.96469588352,63623.11789796265,9124.318863231701,12728.984435371314,59764.964481405346,0.2570403440743073,0.03924235679548453,0.05474549457822097,2490.2068533918896,2790.144,0.07817177024084153,0.0003578102150220547,5.578684314371915e-06
cori_knl,25,S7,rigid_easy_backfill,F10,cori_knl_mal25_S7/rigid_easy_backfill/F10,121.0,431973.0,4.998287037037037,2.0,41524,41474,1522.1154210384577,6183.0,6628.28372209336,18914.4,5106.169682331099,13882.8,345.73511295536434,9688,1162161.7155555557,0.18,0.06,0.264,0.04,312761.433538888,312553.23530000064,28.87866666666667,0.2488833333333333,179.07068888889447,244727.46848333397,68033.96505555235,0.0,21.75267080910511,48132.982230333255,67329.41028182226,9629.895576958757,13470.496948837665,62573.72400211166,0.26912040669776893,0.041416768067707284,0.05793463111081434,2607.238500087986,2790.144,0.030816828069970725,0.00013882175877408777,1.563178895286732e-06
cori_knl,25,S7,rigid_easy_backfill,F0,cori_knl_mal25_S7/rigid_easy_backfill/F0,121.0,431973.0,4.998287037037037,2.0,41524,41474,1437.617349812075,7430.0,6543.73955770772,17157.2,5106.123502314703,13882.8,345.73511295536434,9688,1162161.7155555557,0.18,0.06,0.264,0.04,322355.2382466634,322355.2382466634,0.0,0.0,0.0,254321.27319111425,68033.96505555235,0.0,21.10527672067589,49859.8670777337,69862.17472467627,9975.390910580922,13977.223438150175,64493.14252223382,0.27737554415356547,0.04290269280975141,0.06011398739914574,2687.214271759742,2790.144,0.0,0.0,0.0
cori_knl,50,S0,min_steal_agreement,F30,cori_knl_mal50_S0/min_steal_agreement/F30,37652.0,431973.0,4.563900462962963,2.0,41524,35713,342.7836640432613,1672.0,5337.090496338308,15319.8,4994.3071426150145,12890.7,326.0460386334991,9688,1061161.6244444444,0.18,0.06,0.264,0.04,278865.78060082655,278327.0796799896,69.23123333333334,0.08448333333333334,469.3852041666591,214626.94253139116,64238.83806944148,0.0,23.035755025602835,42487.1799398169,59231.066351064925,9309.401088960973,12978.167870166715,61102.51151704173,0.26279293764210765,0.04003836829480188,0.055817195973398,2545.937979876739,2790.144,0.08846629831952439,0.0003644747960699697,5.811241685162837e-07
cori_knl,50,S0,min_steal_agreement,F10,cori_knl_mal50_S0/min_steal_agreement/F10,37783.0,431973.0,4.562384259259259,2.0,41524,35706,537.3192144530626,3836.0,6910.953807477455,20178.8,6373.634493364701,18644.9,326.09046398944673,9688,1060809.088888889,0.18,0.06,0.264,0.04,296173.3168633338,295983.2654133265,25.990800000000004,0.04795,164.01270000000636,231965.4093494427,64207.907513885926,0.0,21.67916684524083,45606.24813373284,63807.18436880831,9996.143582420958,13985.491081623171,64916.34637355601,0.2791956818295658,0.04299194700669625,0.060149545320771276,2704.8477655648335,2790.144,0.030922189811135564,0.00013687665530098838,3.299368412902613e-07
cori_knl,50,S0,min_steal_agreement,F0,cori_knl_mal50_S0/min_steal_agreement/F0,38747.0,431973.0,4.551226851851852,2.0,41524,35691,896.8995238445826,4003.0,8050.412374030428,25097.1,7153.513135121179,23105.5,326.75255451063765,9688,1058214.8577777778,0.18,0.06,0.264,0.04,304729.8670399914,304729.8670399914,0.0,0.0,0.0,240749.5706372358,63980.29640277486,0.0,20.99574190880947,47173.74049886894,66117.09850434125,10365.060242970394,14527.313328149929,66955.54340825698,0.2879659691037752,0.04457860343969513,0.062479843311957786,2789.8143086773744,2790.144,0.0,0.0,0.0
cori_knl,50,S0,rigid_easy_backfill,F30,cori_knl_mal50_S0/rigid_easy_backfill/F30,121.0,431973.0,4.998287037037037,2.0,41524,41474,2579.6952288663983,12808.0,7689.613865403627,28401.1,5109.920612793558,13898.7,345.73511295536434,9688,1162161.7155555557,0.18,0.06,0.264,0.04,297168.25384305563,296623.3514999962,74.18953333333333,0.5206,470.1922097222299,229134.28878750134,68033.96505555235,0.0,22.8940891820441,45326.20988508338,63212.810842122446,9068.34872611729,12646.894900936848,59454.019275214676,0.25570301436147236,0.039001637447173866,0.05439243953403199,2477.2508031339444,2790.144,0.08091682997790944,0.00035663424557789405,3.269768698397935e-06
cori_knl,50,S0,rigid_easy_backfill,F10,cori_knl_mal50_S0/rigid_easy_backfill/F10,121.0,431973.0,4.998287037037037,2.0,41524,41474,2910.6862610785183,16722.0,8017.657349206732,27752.3,5106.972632613203,13901.0,345.73511295536434,9688,1162161.7155555557,0.18,0.06,0.264,0.04,312654.3549722222,312431.5893999997,31.76653333333334,4.196766666666667,186.80227222222513,244620.38991666507,68033.96505555235,0.0,21.76012071272663,48113.70808833285,67301.14154022168,9626.039427470427,13464.841262921449,62552.30094939932,0.2690282692910444,0.041400183334496396,0.05791030683543837,2606.3458728916385,2790.144,0.03214738013167538,0.00015270393465149654,2.6358924858137737e-05
cori_knl,50,S0,rigid_easy_backfill,F0,cori_knl_mal50_S0/rigid_easy_backfill/F0,121.0,431973.0,4.998287037037037,2.0,41524,41474,1550.5890909471007,7224.0,6656.71133416743,17744.5,5106.123017432608,13882.8,345.73511295536434,9688,1162161.7155555557,0.18,0.06,0.264,0.04,322400.1553466649,322400.1553466649,0.0,0.0,0.0,254366.19029111622,68033.96505555235,0.0,21.102336313206166,49867.952155734056,69874.03283907678,9977.008480348411,13979.595873809161,64502.129020942004,0.2774141937660938,0.042909649740006585,0.06012419089685333,2687.588709205917,2790.144,0.0,0.0,0.0
cori_knl,50,S3,min_steal_agreement,F30,cori_knl_mal50_S3/min_steal_agreement/F30,37652.0,431973.0,4.563900462962963,2.0,41524,35713,438.3190127905863,1907.0,5050.103225684485,16423.3,4611.784324296194,13231.7,326.0460386334991,9688,1061161.6244444444,0.18,0.06,0.264,0.04,277353.1937983304,276768.37183999195,86.62406666666666,11.503433333333334,486.694458333314,213114.3557288914,64238.83806944148,0.0,23.161383934216005,42214.91431536694,58831.74343520498,9249.744743109557,12890.671896251302,60771.087373423536,0.2613675310238764,0.03978179510351964,0.05544088862618404,2532.128640559314,2790.144,0.09172862024446748,0.00045604111775780575,7.912712326986588e-05
cori_knl,50,S3,min_steal_agreement,F10,cori_knl_mal50_S3/min_steal_agreement/F10,37795.0,431973.0,4.562245370370371,2.0,41524,35704,236.603908855733,1621.0,6001.864416086433,18049.0,5765.260443490365,17661.6,326.08212533423983,9688,1060776.7955555555,0.18,0.06,0.264,0.04,296319.40740083036,296130.0650133323,28.87866666666667,0.009133333333333334,160.45458750000577,232114.33322027422,64205.0741805526,0.0,21.667522469664835,45632.88443048252,63846.3869373745,10002.286314288694,13994.50966667129,64950.34425927307,0.2793419017481811,0.043018365995254854,0.06018833293194026,2706.264344136378,2790.144,0.03025228081388524,0.00015208980250066556,6.28470258267213e-08
cori_knl,50,S3,min_steal_agreement,F0,cori_knl_mal50_S3/min_steal_agreement/F0,37795.0,431973.0,4.562245370370371,2.0,41524,35704,1050.0553998569894,5399.0,8377.764124610409,27088.5,7327.708513583632,25280.9,326.08212533423983,9688,1060776.7955555555,0.18,0.06,0.264,0.04,305476.942453321,305476.942453321,0.0,0.0,0.0,241271.86827278603,64205.0741805526,0.0,21.017977221100274,47281.24073993464,66263.97619123763,10363.590053047996,14524.421816851602,66957.58725237566,0.28797475937747585,0.0445722803685315,0.062467407346079355,2789.899468848986,2790.144,0.0,0.0,0.0
cori_knl,50,S3,rigid_easy_backfill,F30,cori_knl_mal50_S3/rigid_easy_backfill/F30,121.0,431973.0,4.998287037037037,2.0,41524,41474,2786.3099043592106,17435.0,7902.235095460771,26352.4,5115.926684694025,13882.8,345.73511295536434,9688,1162161.7155555557,0.18,0.06,0.264,0.04,294212.3214630543,293595.808320001,90.27566666666665,0.07763333333333332,526.1598430555507,226178.35640749996,68033.96505555235,0.0,23.124104632067805,44794.14205668313,62432.444693802085,8961.89869144388,12490.768183415847,58862.63019369573,0.25315953668496993,0.038543811465403414,0.05372096142743534,2452.609591403989,2790.144,0.09054847290405398,0.00043396140707684875,4.875970866032009e-07
cori_knl,50,S3,rigid_easy_backfill,F10,cori_knl_mal50_S3/rigid_easy_backfill/F10,121.0,431973.0,4.998287037037037,2.0,41524,41474,1845.0968050295367,8767.0,6956.508441525534,18171.0,5111.412788614553,13898.7,345.73511295536434,9688,1162161.7155555557,0.18,0.06,0.264,0.04,311910.13638305344,311694.61823999655,28.8369,0.07535,186.60589305555726,243876.1713274981,68033.96505555235,0.0,21.81204043077349,47979.7487422828,67104.6678326816,9599.23837641885,13425.533054712472,62403.40622133466,0.2683878949100892,0.041284915945924726,0.0577412479988666,2600.141925888944,2790.144,0.032113584634192005,0.0001386209835031335,4.732559958207537e-07
cori_knl,50,S3,rigid_easy_backfill,F0,cori_knl_mal50_S3/rigid_easy_backfill/F0,121.0,431973.0,4.998287037037037,2.0,41524,41474,1523.22572988873,7507.0,6629.347728751989,17454.0,5106.123205984472,13882.8,345.73511295536434,9688,1162161.7155555557,0.18,0.06,0.264,0.04,322321.97444666416,322321.97444666416,0.0,0.0,0.0,254288.00939111575,68033.96505555235,0.0,21.107454796511306,49853.879593733975,69853.39308147666,9974.193003386845,13975.466507598863,64486.48748226657,0.27734692180303194,0.042897540786655496,0.06010643109860506,2686.9369784277737,2790.144,0.0,0.0,0.0
cori_knl,50,S7,min_steal_agreement,F30,cori_knl_mal50_S7/min_steal_agreement/F30,37652.0,431973.0,4.563900462962963,2.0,41524,35713,272.6221550088294,1953.0,5351.9005324621285,13525.3,5079.278282622015,12723.7,326.0460386334991,9688,1061161.6244444444,0.18,0.06,0.264,0.04,277813.36057916353,277229.4039999994,95.36523333333334,2.9317999999999995,485.6595458333288,213574.52250972984,64238.83806944148,0.0,23.12301969045743,42297.74433591786,58953.22746534634,9267.893697326042,12917.290362435486,60871.91489684731,0.2618011754096447,0.03985985109295883,0.055555370744028214,2536.329787368638,2790.144,0.09153356748791085,0.000502059869480852,2.01665792533759e-05
cori_knl,50,S7,min_steal_agreement,F10,cori_knl_mal50_S7/min_steal_agreement/F10,37795.0,431973.0,4.562245370370371,2.0,41524,35704,261.9523580998228,817.0,5272.69848048426,13881.4,5010.746154254425,13760.9,326.08212533423983,9688,1060776.7955555555,0.18,0.06,0.264,0.04,296268.46468999254,296076.444373327,28.87866666666667,1.1827666666666667,161.9588833333369,232063.39050944455,64205.0741805526,0.0,21.671248152494087,45623.71474253318,63832.93806171547,10000.276407498304,13991.561803378718,64939.17811043578,0.27929387778022546,0.043009721681024224,0.060175654604402,2705.7990879348245,2790.144,0.03053590237115083,0.00015208980250066556,8.13868984456041e-06
cori_knl,50,S7,min_steal_agreement,F0,cori_knl_mal50_S7/min_steal_agreement/F0,37783.0,431973.0,4.562384259259259,2.0,41524,35706,242.94135423240124,1377.0,6766.688986299781,22542.0,6523.747165768498,21527.1,326.09046398944673,9688,1060809.088888889,0.18,0.06,0.264,0.04,305484.1646333203,305484.1646333203,0.0,0.0,0.0,241276.2571194521,64207.907513885926,0.0,21.018407808783202,47282.20073233453,66265.24818009078,10363.484977482187,14524.258461046307,66957.13190166892,0.28797280098089095,0.044571828453938665,0.06246670477672682,2789.880495902872,2790.144,0.0,0.0,0.0
cori_knl,50,S7,rigid_easy_backfill,F30,cori_knl_mal50_S7/rigid_easy_backfill/F30,121.0,431973.0,4.998287037037037,2.0,41524,41474,2456.581591145754,10645.0,7570.247590728891,25626.5,5113.6674288711,13898.7,345.73511295536434,9688,1162161.7155555557,0.18,0.06,0.264,0.04,297959.5836672183,297421.40461999364,74.42223333333334,0.9270333333333332,462.82978055556123,229925.61861166658,68033.96505555235,0.0,22.833286386766254,45468.64925343313,63421.72191570207,9096.846362866496,12688.691434835682,59612.33947937641,0.25638392633230284,0.03912420160192375,0.054572200294331824,2483.8474783073502,2790.144,0.07964980679720741,0.00035775285065892495,5.822482857673515e-06
cori_knl,50,S7,rigid_easy_backfill,F10,cori_knl_mal50_S7/rigid_easy_backfill/F10,121.0,431973.0,4.998287037037037,2.0,41524,41474,1491.8924135726293,6166.0,6601.4902243837105,18031.0,5109.598000072335,13882.8,345.73511295536434,9688,1162161.7155555557,0.18,0.06,0.264,0.04,312714.75782222446,312502.2528999997,31.730733333333337,1.0617500000000004,179.71243888889046,244680.79276666578,68033.96505555235,0.0,21.755917606622535,48124.58060133298,67317.08789262186,9628.214675294243,13468.031626396378,62564.38565953196,0.2690802438563685,0.04140953875625448,0.05792402812068356,2606.849402480498,2790.144,0.03092726881008635,0.00015253184156210719,6.668607213837893e-06
cori_knl,50,S7,rigid_easy_backfill,F0,cori_knl_mal50_S7/rigid_easy_backfill/F0,121.0,431973.0,4.998287037037037,2.0,41524,41474,1432.9661945519845,7166.0,6539.088065262816,17290.0,5106.122930149009,13882.8,345.73511295536434,9688,1162161.7155555557,0.18,0.06,0.264,0.04,322307.34444666485,322307.34444666485,0.0,0.0,0.0,254273.37939111446,68033.96505555235,0.0,21.108412894640246,49851.24619373374,69849.53076147632,9973.666142888294,13974.693778867653,64483.560479497246,0.2773343331935437,0.04289527483694731,0.06010310770569971,2686.8150199790516,2790.144,0.0,0.0,0.0
cori_knl,75,S0,min_steal_agreement,F30,cori_knl_mal75_S0/min_steal_agreement/F30,37652.0,431973.0,4.563900462962963,2.0,41524,35713,231.55788808761514,1061.0,4529.847130726346,12305.1,4298.289292546132,11207.0,326.0460386334991,9688,1061161.6244444444,0.18,0.06,0.264,0.04,278268.7667316619,277719.13650666137,68.0916,0.71925,480.81937500001015,214029.92866222726,64238.83806944148,0.0,23.085177263673216,42379.7174433674,59073.454689605656,9285.854892605119,12943.633448844794,60971.6993150646,0.2622303335529547,0.03993709955875447,0.0556686684938618,2540.487471461025,2790.144,0.09062132740650622,0.0003584750816815043,4.947408461692685e-06
cori_knl,75,S0,min_steal_agreement,F10,cori_knl_mal75_S0/min_steal_agreement/F10,38751.0,431973.0,4.551180555555556,2.0,41524,35690,275.3313198931914,1999.0,5085.3791801442985,13899.8,4810.047952312132,13050.2,326.7467232250484,9688,1058204.0933333333,0.18,0.06,0.264,0.04,295407.1430116616,295220.350319993,23.091,0.009133333333333334,163.69255833333668,231427.79105333867,63979.351958330415,0.0,21.65802468622255,45495.76350710078,63656.110916414626,9996.475189621911,13986.725013295856,64907.80565738326,0.2791589494623214,0.042993373200617226,0.060154852279864515,2704.4919023909692,2790.144,0.030937804789188304,0.00012190465035308186,6.299981930391827e-08
cori_knl,75,S0,min_steal_agreement,F0,cori_knl_mal75_S0/min_steal_agreement/F0,39241.0,431973.0,4.545509259259259,2.0,41524,35676,391.99296286526265,2618.0,6265.003058016033,20939.1,5873.010131407669,19333.8,327.02606357516066,9688,1056885.4488888888,0.18,0.06,0.264,0.04,304330.4612799933,304330.4612799933,0.0,0.0,0.0,240466.80376611513,63863.65751388599,0.0,20.984970497294217,47115.84412873388,66037.78249480984,10365.360940087916,14528.13727313173,66951.89557915174,0.28795028032596914,0.044579896693882105,0.06248338697844297,2789.6623157979893,2790.144,0.0,0.0,0.0
cori_knl,75,S0,rigid_easy_backfill,F30,cori_knl_mal75_S0/rigid_easy_backfill/F30,121.0,431973.0,4.998287037037037,2.0,41524,41474,1641.972946507456,8898.0,6756.679845107778,17575.8,5114.70829194194,13909.4,345.73511295536434,9688,1162161.7155555557,0.18,0.06,0.264,0.04,296452.6400222234,295886.6013333309,83.14550000000001,0.5137499999999999,482.3794388888867,228418.67496666327,68033.96505555235,0.0,22.94935374852868,45197.39939733253,63023.888793421196,9042.577799638604,12609.097542101441,59310.847461445366,0.25508725339528865,0.038890800473259886,0.05422987863895816,2471.2853108935565,2790.144,0.08301416789629729,0.0003996862001068002,3.226745426050594e-06
cori_knl,75,S0,rigid_easy_backfill,F10,cori_knl_mal75_S0/rigid_easy_backfill/F10,121.0,431973.0,4.998287037037037,2.0,41524,41474,2764.7327937486616,17080.0,7872.916937078169,28479.6,5108.185914307759,13909.3,345.73511295536434,9688,1162161.7155555557,0.18,0.06,0.264,0.04,312714.14731722255,312500.76985333295,28.87866666666667,0.14385,184.3549472222237,244680.1822616703,68033.96505555235,0.0,21.755960080225453,48124.470710433794,67316.92671930305,9628.192689582263,13467.999380685476,62564.26351668634,0.26907971853790913,0.0414094441989328,0.05792388943661176,2606.844313195264,2790.144,0.03172621241168556,0.00013882175877408777,9.034887192941662e-07
cori_knl,75,S0,rigid_easy_backfill,F0,cori_knl_mal75_S0/rigid_easy_backfill/F0,121.0,431973.0,4.998287037037037,2.0,41524,41474,1589.1295202539181,8661.0,6695.251317675411,17454.0,5106.122949438202,13882.8,345.73511295536434,9688,1162161.7155555557,0.18,0.06,0.264,0.04,322232.8394799964,322232.8394799964,0.0,0.0,0.0,254198.87442444856,68033.96505555235,0.0,21.113293469822082,49837.83529973388,69829.86145027653,9970.983044878818,13970.758568453757,64468.654379444095,0.2772702242440996,0.04288373522604776,0.06008618294304705,2686.1939324768373,2790.144,0.0,0.0,0.0
cori_knl,75,S3,min_steal_agreement,F30,cori_knl_mal75_S3/min_steal_agreement/F30,37271.0,431973.0,4.568310185185185,2.0,41524,35726,494.327686786343,4708.0,6286.780767413368,15694.0,5792.453091135867,14440.0,325.8498816828899,9688,1062186.9377777777,0.18,0.06,0.264,0.04,279827.476338326,279282.06421332585,84.16579999999999,3.016283333333333,458.2300416666692,215498.67993556295,64328.7964027748,0.0,22.988734789216313,42649.49017256782,59464.80335909961,9335.944461669462,13016.805109237366,61254.04471127931,0.2634446596789814,0.0401525274466241,0.055983369070144194,2552.251862969971,2790.144,0.08628048893640865,0.00044267160824225035,2.0727675970793022e-05
cori_knl,75,S3,min_steal_agreement,F10,cori_knl_mal75_S3/min_steal_agreement/F10,38754.0,431973.0,4.551145833333333,2.0,41524,35689,54.93787980843186,72.0,4673.709614685197,11226.7,4618.771612694668,11203.2,326.7400608821038,9688,1058196.02,0.18,0.06,0.264,0.04,295727.7950558124,295538.2465599952,30.91926666666667,0.0685,158.56072916666415,231749.15143083662,63978.64362499708,0.0,21.63430177840485,45553.565875050415,63740.92172274076,10009.252074809092,14005.466767487842,64978.75609475176,0.2794640968842544,0.043048324709301415,0.06023545781502822,2707.448170614656,2790.144,0.029968120493718484,0.00016323377717233648,4.7250224963046074e-07
cori_knl,75,S3,min_steal_agreement,F0,cori_knl_mal75_S3/min_steal_agreement/F0,38933.0,431973.0,4.549074074074074,2.0,41524,35682,36.58126813311699,5.0,5297.651620527156,14817.1,5261.070418499804,14813.1,326.8247506615103,9688,1057714.3111111112,0.18,0.06,0.264,0.04,304585.69159998733,304585.69159998733,0.0,0.0,0.0,240649.3118638976,63936.379736108196,0.0,20.991261736639917,47153.05891966806,66088.87352151329,10365.419017553735,14527.98359520341,66955.53570689728,0.28796593598135695,0.04458014647654201,0.06248272603221945,2789.8139877873864,2790.144,0.0,0.0,0.0
cori_knl,75,S3,rigid_easy_backfill,F30,cori_knl_mal75_S3/rigid_easy_backfill/F30,121.0,431973.0,4.998287037037037,2.0,41524,41474,2374.628559196991,9959.0,7494.334299872209,24883.4,5119.706898080725,13900.9,345.73511295536434,9688,1162161.7155555557,0.18,0.06,0.264,0.04,294188.9921772175,293578.34221333225,81.57029999999999,1.306066666666667,527.7735972222133,226155.02712166702,68033.96505555235,0.0,23.125938381327725,44789.9427852332,62426.28576234219,8961.058549327428,12489.535974978384,58857.96273749246,0.25313946264060544,0.0385401981374184,0.053715661879723986,2452.4151140621857,2790.144,0.0908261888441106,0.00039211410417366817,8.203103927559732e-06
cori_knl,75,S3,rigid_easy_backfill,F10,cori_knl_mal75_S3/rigid_easy_backfill/F10,121.0,431973.0,4.998287037037037,2.0,41524,41474,2179.89653383826,10819.0,7289.266646092009,19927.3,5109.371566403048,13882.8,345.73511295536434,9688,1162161.7155555557,0.18,0.06,0.264,0.04,312262.6944488846,312046.11999332975,28.872700000000002,0.02283333333333333,187.67892222222616,244228.7293933331,68033.96505555235,0.0,21.78741369526262,48043.2091941331,67197.74316206203,9611.934816495235,13444.15450015783,62473.941999536015,0.26869125894377927,0.04133952147198955,0.05782133610376165,2603.080916647334,2790.144,0.03229824553848857,0.00013879307659252286,1.4341090782447084e-07
cori_knl,75,S3,rigid_easy_backfill,F0,cori_knl_mal75_S3/rigid_easy_backfill/F0,121.0,431973.0,4.998287037037037,2.0,41524,41474,1533.6378635812075,8231.0,6639.7598451904805,17351.3,5106.122919057723,13882.8,345.73511295536434,9688,1162161.7155555557,0.18,0.06,0.264,0.04,322308.6449799976,322308.6449799976,0.0,0.0,0.0,254274.67992444587,68033.96505555235,0.0,21.10832772101863,49851.480289733394,69849.8741022758,9973.712978133632,13974.762470560816,64483.82067530495,0.27733545225753914,0.04289547626846628,0.0601034031385942,2686.8258614710394,2790.144,0.0,0.0,0.0
cori_knl,75,S7,min_steal_agreement,F30,cori_knl_mal75_S7/min_steal_agreement/F30,37083.0,431973.0,4.570486111111111,2.0,41524,35769,242.917129738908,1578.0,4530.0189534163665,11081.7,4287.102009768515,10047.0,326.08675833776493,9688,1062692.8666666667,0.18,0.06,0.264,0.04,278289.29822500027,277732.271200002,68.94483333333334,0.05023333333333333,488.0319583333196,213916.11293333722,64373.18529166368,0.0,23.131750197457173,42367.29144550052,59048.78122606758,9269.756086229698,12919.584436000503,60888.3369207628,0.2618718041252185,0.03986786095440105,0.05556523721786619,2537.014038365117,2790.144,0.09184816679237456,0.00036244401251587713,3.450354078472218e-07
cori_knl,75,S7,min_steal_agreement,F10,cori_knl_mal75_S7/min_steal_agreement/F10,37083.0,431973.0,4.570486111111111,2.0,41524,35769,137.62914786801608,203.0,4673.774851937711,11295.5,4536.145658191171,11105.8,326.08675833776493,9688,1062692.8666666667,0.18,0.06,0.264,0.04,296763.20433332195,296571.1651999899,28.8011,0.036533333333333334,163.201500000007,232390.01904167622,64373.18529166368,0.0,21.691767830947214,45692.59454500154,63925.89243866907,9997.316135349422,13986.672508042766,64930.33719364637,0.2792558542941714,0.0429969899848155,0.06015462646247405,2705.4307164019324,2790.144,0.03071470697115184,0.0001514078103344127,2.509348420707068e-07
cori_knl,75,S7,min_steal_agreement,F0,cori_knl_mal75_S7/min_steal_agreement/F0,37083.0,431973.0,4.570486111111111,2.0,41524,35769,390.6812576435463,376.0,5499.256847945148,19386.8,5108.575758308032,15901.7,326.08675833776493,9688,1062692.8666666667,0.18,0.06,0.264,0.04,306009.64889998856,306009.64889998856,0.0,0.0,0.0,241636.46360834115,64373.18529166368,0.0,21.036325332572243,47356.95456700122,66366.9538042686,10361.469965278699,14520.764791939038,66953.41402658718,0.2879568109456165,0.04456316218207533,0.06245167901845513,2789.7255844411325,2790.144,0.0,0.0,0.0
cori_knl,75,S7,rigid_easy_backfill,F30,cori_knl_mal75_S7/rigid_easy_backfill/F30,121.0,431973.0,4.998287037037037,2.0,41524,41474,2132.8929207333163,7829.0,7247.250691282731,23349.9,5114.357519771423,13898.7,345.73511295536434,9688,1162161.7155555557,0.18,0.06,0.264,0.04,298205.0107897202,297653.51331333286,85.6515,3.5893999999999995,462.2565763888859,230171.04573416844,68033.96505555235,0.0,22.81449425527146,45512.82613548346,63486.51467604256,9105.684767248435,12701.654427929192,59661.44172594275,0.25659510789095935,0.039162214282481914,0.05462795222581712,2485.8934052476143,2790.144,0.07955116232131489,0.00041173271636405574,2.2544194710006815e-05
cori_knl,75,S7,rigid_easy_backfill,F10,cori_knl_mal75_S7/rigid_easy_backfill/F10,121.0,431973.0,4.998287037037037,2.0,41524,41474,1346.91852711859,6132.0,6458.031573202729,17146.8,5111.111841032936,13882.8,345.73511295536434,9688,1162161.7155555557,0.18,0.06,0.264,0.04,312460.825155554,312236.4077333322,37.47961666666667,5.539366666666668,181.39843888888433,244426.86010000165,68033.96505555235,0.0,21.773598345227008,48078.872721333435,67250.04966862254,9619.0699663848,13454.61938666253,62513.581721144896,0.26886174357084747,0.04137020870486168,0.057866344045307466,2604.7325717143704,2790.144,0.031217417758796818,0.0001801671234998827,3.479148623821662e-05
cori_knl,75,S7,rigid_easy_backfill,F0,cori_knl_mal75_S7/rigid_easy_backfill/F0,121.0,431973.0,4.998287037037037,2.0,41524,41474,1527.175192520326,7501.0,6633.297383548488,17962.5,5106.123072406809,13882.8,345.73511295536434,9688,1162161.7155555557,0.18,0.06,0.264,0.04,322510.9985799976,322510.9985799976,0.0,0.0,0.0,254477.03352444957,68033.96505555235,0.0,21.095083688650323,49887.90393773406,69903.29545267679,9981.000204283464,13985.45040224724,64524.305265025505,0.27750957053840447,0.042926817559022605,0.060149370364743486,2688.5127193760627,2790.144,0.0,0.0,0.0
theta,0,S0,min_steal_agreement,F30,theta_mal0_S0/min_steal_agreement/F30,10758.0,1205050.0,13.822824074074074,20.0,1607,1570,23085.57261146497,56463.0,32148.789991719746,89238.5,9063.2148,27190.8,4.732510977214952,4392,1457036.24,0.15,0.06,0.501,0.04,376933.06334445224,376272.20573333034,128.0655500000001,25.128083333333336,507.6639777778138,287289.96423333546,89643.09911112633,0.0,23.782232929035438,48472.08058166789,147517.9960453461,3506.669861521392,10672.059143256343,27268.889578897517,0.2586984818884479,0.033267587484075135,0.10124524839913804,1136.2037324540631,1264.896,0.06968446821580468,0.0004910310261054317,0.00012588339372167343
theta,0,S0,min_steal_agreement,F10,theta_mal0_S0/min_steal_agreement/F10,66074.0,1205050.0,13.182592592592593,20.0,1607,1502,29124.046604527295,110410.0,38237.62456924101,143140.0,9113.58338415446,27182.0,4.747422245947237,4392,1389550.72,0.15,0.06,0.501,0.04,383271.9993071892,383004.96862663963,47.14859999999998,7.539566666666667,212.34251388891323,298571.6604183601,84700.33888889986,0.0,22.099276503894373,49867.769396088,152972.41542515438,3782.8499246884944,11604.122205150361,29074.098787104507,0.27582440409745473,0.03588769281922145,0.11008768030083449,1211.4207827960213,1264.896,0.030562758283323246,0.0001895576722812968,3.9605127428046194e-05
theta,0,S0,min_steal_agreement,F0,theta_mal0_S0/min_steal_agreement/F0,66074.0,1205050.0,13.182592592592593,20.0,1607,1502,28182.270972037284,89287.0,37295.85981358189,117681.0,9113.58339081225,27182.0,4.747422245947237,4392,1389550.72,0.15,0.06,0.501,0.04,395444.0692266844,395444.0692266844,0.0,0.0,0.0,310743.7303377783,84700.33888889986,0.0,21.419043925614226,51693.57988400073,159070.6224547829,3921.351549091168,12066.717630655292,29997.44294979484,0.2845841202735546,0.03720165024562812,0.11447629810503275,1249.893456241452,1264.896,0.0,0.0,0.0
theta,0,S0,rigid_easy_backfill,F30,theta_mal0_S0/rigid_easy_backfill/F30,10758.0,1205050.0,13.822824074074074,20.0,1607,1570,24587.809554140127,54622.0,33651.036532484075,94148.5,9063.2148,27190.8,4.732510977214952,4392,1457036.24,0.15,0.06,0.501,0.04,376431.69085001823,375781.364933351,120.81605000000006,26.189833333333333,503.3200333333581,286788.591738897,89643.09911112633,0.0,23.813908682529828,48396.87470750214,147266.80842563248,3501.229158973002,10653.887196744721,27232.618228575237,0.25835437754795876,0.03321597183300131,0.10107285212455147,1134.6924261906347,1264.896,0.06908819691860696,0.00046323487465212257,0.00013120241035780047
theta,0,S0,rigid_easy_backfill,F10,theta_mal0_S0/rigid_easy_backfill/F10,66074.0,1205050.0,13.182592592592593,20.0,1607,1502,37883.15046604527,164038.0,46996.73696338216,217545.0,9113.58339081225,27182.0,4.747422245947237,4392,1389550.72,0.15,0.06,0.501,0.04,384150.681018361,383912.4768933598,47.14859999999998,4.057483333333334,186.99804166668602,299450.34212942014,84700.33888889986,0.0,22.048728031501653,49999.57165274701,153412.63496239547,3792.8481291944177,11637.516208200144,29140.75348381914,0.27645675360332367,0.03598254524508973,0.11040448740323454,1214.1980618257976,1264.896,0.02691489255846187,0.0001895576722812968,2.1313843561368287e-05
theta,0,S0,rigid_easy_backfill,F0,theta_mal0_S0/rigid_easy_backfill/F0,66074.0,1205050.0,13.182592592592593,20.0,1607,1502,27557.671770972036,84714.0,36671.25191211718,117711.0,9113.58338415446,27182.0,4.747422245947237,4392,1389550.72,0.15,0.06,0.501,0.04,395412.9585600249,395412.9585600249,0.0,0.0,0.0,310712.61967109743,84700.33888889986,0.0,21.420729152972886,51688.913283998605,159055.0360107758,3920.9975519567392,12065.535280226299,29995.082968900268,0.2845617312623356,0.03719829189394296,0.11446508121040433,1249.795123704178,1264.896,0.0,0.0,0.0
theta,0,S3,min_steal_agreement,F30,theta_mal0_S3/min_steal_agreement/F30,10758.0,1205050.0,13.822824074074074,20.0,1607,1570,29706.748407643314,97426.0,38769.97592420382,134731.0,9063.214812738854,27190.8,4.732510977214952,4392,1457036.24,0.15,0.06,0.501,0.04,379337.58554723643,378706.15553333913,121.5052000000001,20.62535,489.2994638889316,289694.4864361346,89643.09911112633,0.0,23.631483545667177,48832.75891208777,148722.6616689485,3532.762816802242,10759.209613894383,27442.842614102105,0.2603487649334216,0.03351512994082272,0.10207204020467502,1143.4517755875875,1264.896,0.06716366421865923,0.00046587722485200503,0.00010332618768631314
theta,0,S3,min_steal_agreement,F10,theta_mal0_S3/min_steal_agreement/F10,66074.0,1205050.0,13.182592592592593,20.0,1607,1502,26379.306258322238,88839.0,35492.89027563249,117998.0,9113.58339081225,27182.0,4.747422245947237,4392,1389550.72,0.15,0.06,0.501,0.04,383061.5443238984,382801.83249334025,48.45828333333331,5.265366666666666,205.9881805555823,298361.205435012,84700.33888889986,0.0,22.111417902414484,49836.20114858579,152866.977478497,3780.4552328036866,11596.123934255102,29058.134174543466,0.2756729486807782,0.03586497450671379,0.11001180113705888,1210.7555906059779,1264.896,0.029648170101420342,0.0001948231631779995,2.765882006331754e-05
theta,0,S3,min_steal_agreement,F0,theta_mal0_S3/min_steal_agreement/F0,66074.0,1205050.0,13.182592592592593,20.0,1607,1502,29291.24567243675,104540.0,38404.83838149135,131450.0,9113.58339747004,27182.0,4.747422245947237,4392,1389550.72,0.15,0.06,0.501,0.04,395335.82056000025,395335.82056000025,0.0,0.0,0.0,310635.48167112184,84700.33888889986,0.0,21.424908769693655,51677.34258400226,159016.38987278802,3920.1198262806197,12062.60367646806,29989.231464389082,0.2845062183552395,0.03718996495788384,0.11443726924396687,1249.551311016212,1264.896,0.0,0.0,0.0
theta,0,S3,rigid_easy_backfill,F30,theta_mal0_S3/rigid_easy_backfill/F30,10758.0,1205050.0,13.822824074074074,20.0,1607,1570,23897.65923566879,54592.0,32960.881221656055,86566.2,9063.214812738854,27190.8,4.732510977214952,4392,1457036.24,0.15,0.06,0.501,0.04,375419.42128889216,374737.2482666568,130.24935000000008,24.739916666666666,527.1837555555712,285776.3221777725,89643.09911112633,0.0,23.87811978489635,48245.034273333455,146759.6613755091,3490.244396861078,10617.198091290897,27159.3864811623,0.25765963191752334,0.03311175998843615,0.10072478456370386,1131.6411033817624,1264.896,0.07236384944763702,0.0004994041877777865,0.0001239388069944872
theta,0,S3,rigid_easy_backfill,F10,theta_mal0_S3/rigid_easy_backfill/F10,66074.0,1205050.0,13.182592592592593,20.0,1607,1502,29543.312916111852,120981.0,38656.9008988016,153229.0,9113.58337749667,27182.0,4.747422245947237,4392,1389550.72,0.15,0.06,0.501,0.04,382365.80895168,382105.5610266853,47.14859999999998,5.813366666666666,207.28595833335805,297665.4700627961,84700.33888889986,0.0,22.15165082911572,49731.8408427534,152518.4140570168,3772.5387091684934,11569.682745313556,29005.357350308655,0.2751722578011978,0.035789870874776995,0.10976095500638999,1208.5565562628608,1264.896,0.029834961092076343,0.0001895576722812968,3.0537448343975046e-05
theta,0,S3,rigid_easy_backfill,F0,theta_mal0_S3/rigid_easy_backfill/F0,66074.0,1205050.0,13.182592592592593,20.0,1607,1502,29056.904793608523,92318.0,38170.49256125167,125121.0,9113.583310918775,27182.0,4.747422245947237,4392,1389550.72,0.15,0.06,0.501,0.04,394957.41522666014,394957.41522666014,0.0,0.0,0.0,310257.076337768,84700.33888889986,0.0,21.44543579218322,51620.58178399919,158826.80880077774,3915.8140875115273,12048.22250897929,29960.526539262843,0.28423389628171336,0.03714911664685344,0.11430083588512534,1248.3552724692852,1264.896,0.0,0.0,0.0
theta,0,S7,min_steal_agreement,F30,theta_mal0_S7/min_steal_agreement/F30,10758.0,1205050.0,13.822824074074074,20.0,1607,1570,21242.830573248408,35541.0,30306.05669745223,67807.7,9063.21481910828,27190.8,4.732510977214952,4392,1457036.24,0.15,0.06,0.501,0.04,365614.9323444542,364873.2905333401,130.8758500000001,18.00865,592.7573111111329,275971.8332333226,89643.09911112633,0.0,24.518445823944496,46774.36093166597,141847.61241433967,3383.849832784562,10261.84024727533,26450.089387319724,0.25093056871698277,0.03210240050835384,0.09735352390022892,1102.0870578049883,1264.896,0.08136479997383059,0.0005018063243231343,9.021738539598713e-05
theta,0,S7,min_steal_agreement,F10,theta_mal0_S7/min_steal_agreement/F10,66074.0,1205050.0,13.182592592592593,20.0,1607,1502,34533.05925432756,120514.0,43646.64343941412,149147.0,9113.58339747004,27182.0,4.747422245947237,4392,1389550.72,0.15,0.06,0.501,0.04,383152.0586739068,382892.93796002306,49.767966666666645,4.262983333333334,205.08976388891273,298451.7197849723,84700.33888889986,0.0,22.106194387170618,49849.77830107984,152912.3251678271,3781.4851631757806,11599.563901697895,29065.000377027736,0.2757380879727131,0.03587474540049883,0.11004443592230093,1211.041682376156,1264.776,0.029518859720196307,0.00020008865407470218,2.239332916661485e-05
theta,0,S7,min_steal_agreement,F0,theta_mal0_S7/min_steal_agreement/F0,66074.0,1205050.0,13.182592592592593,20.0,1607,1502,29291.24567243675,104540.0,38404.83838149135,131450.0,9113.58339747004,27182.0,4.747422245947237,4392,1389550.72,0.15,0.06,0.501,0.04,395335.82056000025,395335.82056000025,0.0,0.0,0.0,310635.48167112184,84700.33888889986,0.0,21.424908769693655,51677.34258400226,159016.38987278802,3920.1198262806197,12062.60367646806,29989.231464389082,0.2845062183552395,0.03718996495788384,0.11443726924396687,1249.551311016212,1264.896,0.0,0.0,0.0
theta,0,S7,rigid_easy_backfill,F30,theta_mal0_S7/rigid_easy_backfill/F30,10758.0,1205050.0,13.822824074074074,20.0,1607,1570,21385.735031847133,36422.0,30448.96259235669,64301.6,9063.214806369428,27190.8,4.732510977214952,4392,1457036.24,0.15,0.06,0.501,0.04,360773.8093250142,359939.2962000199,149.30390000000003,24.812983333333335,660.3962416666494,271130.71021389076,89643.09911112633,0.0,24.84745200291648,46048.192478751196,139422.20978160432,3331.315817374732,10086.376635806499,26099.862617920262,0.24760798628111966,0.03160401314297522,0.09568891009986431,1087.4942757466774,1264.896,0.09064925408672973,0.0005724634549927187,0.00012430484684901636
theta,0,S7,rigid_easy_backfill,F10,theta_mal0_S7/rigid_easy_backfill/F10,66074.0,1205050.0,13.182592592592593,20.0,1607,1502,32064.492676431426,113918.0,41178.08425765646,157177.0,9113.58338415446,27182.0,4.747422245947237,4392,1389550.72,0.15,0.06,0.501,0.04,383122.6880766956,382856.0417600223,48.45828333333331,6.34995,211.8380833333573,298422.34918775014,84700.33888889986,0.0,22.10788907180148,49845.37271149651,152897.6104986188,3781.150965668546,11598.447682023734,29062.77239364701,0.2757169512147751,0.035871574886806944,0.11003384640657003,1210.9488497352922,1264.896,0.030490154880180743,0.0001948231631779995,3.335610520211886e-05
theta,0,S7,rigid_easy_backfill,F0,theta_mal0_S7/rigid_easy_backfill/F0,66074.0,1205050.0,13.182592592592593,20.0,1607,1502,29056.904793608523,92318.0,38170.49256125167,125121.0,9113.583310918775,27182.0,4.747422245947237,4392,1389550.72,0.15,0.06,0.501,0.04,394957.41522666014,394957.41522666014,0.0,0.0,0.0,310257.076337768,84700.33888889986,0.0,21.44543579218322,51620.58178399919,158826.80880077774,3915.8140875115273,12048.22250897929,29960.526539262843,0.28423389628171336,0.03714911664685344,0.11430083588512534,1248.3552724692852,1264.896,0.0,0.0,0.0
theta,100,S0,min_steal_agreement,F30,theta_mal100_S0/min_steal_agreement/F30,62995.0,1205050.0,13.218229166666667,20.0,1607,1510,10970.647019866887,53258.0,37706.43079039735,173707.0,26735.785374701987,96961.9,4.759840813270814,4392,1393307.1,0.15,0.06,0.501,0.04,363250.7416999719,362475.31319994846,107.96086666666667,2.646383333333333,664.8212499999906,278208.29169994657,85042.45000001078,0.0,23.411500717664566,46833.79075499263,142784.05214167366,3543.121409416677,10802.056034990086,27481.04433050735,0.2607111825526274,0.03361340134920193,0.10247852188629028,1145.0435137711395,1264.896,0.09543068430498919,0.0004328789635345527,1.3863897389647026e-05
theta,100,S0,min_steal_agreement,F10,theta_mal100_S0/min_steal_agreement/F10,62995.0,1205050.0,13.218229166666667,20.0,1607,1510,1662.8986754966888,10278.0,27101.769496953642,114944.0,25438.871414635763,101561.0,4.759840813270814,4392,1393307.1,0.15,0.06,0.501,0.04,388199.5682805064,387930.4311999557,39.29049999999999,0.2899833333333333,229.55659722225093,303157.11828052555,85042.45000001078,0.0,21.906889380814704,50576.11474207948,155283.41425854375,3826.2398165724653,11747.67151489042,29368.50037820924,0.27861737608349685,0.03629933037883714,0.1114495248452719,1223.6875157587183,1264.896,0.032951328134654914,0.00015753885126975955,1.519167358485912e-06
theta,100,S0,min_steal_agreement,F0,theta_mal100_S0/min_steal_agreement/F0,279678.0,1205050.0,10.710324074074075,20.0,1607,1211,173.66804293971924,20.0,20537.425436003305,74147.7,20363.757468208092,74131.7,4.711186420163999,4392,1128953.84,0.15,0.06,0.501,0.04,324911.847919967,324911.847919967,0.0,0.0,0.0,254479.4288088204,70432.4191111104,0.0,21.67739328744314,42397.85946798968,130311.49059766343,3958.5972538982246,12166.904539620953,30336.32275483281,0.2877990546716835,0.03755499823446251,0.11542676589652542,1264.0134481180341,1264.896,0.0,0.0,0.0
theta,100,S0,rigid_easy_backfill,F30,theta_mal100_S0/rigid_easy_backfill/F30,10758.0,1205050.0,13.822824074074074,20.0,1607,1570,20259.005732469966,35698.0,29770.543817834394,61797.2,9511.526516560509,27197.1,4.732510977214952,4392,1457036.24,0.15,0.06,0.501,0.04,369408.0804499962,368690.92453335144,119.3601833333333,5.002783333333333,592.7929500000132,279764.9813388776,89643.09911112633,0.0,24.26668604593791,47343.333147499216,143747.97961522272,3425.0116252507196,10399.320634112297,26724.50133709317,0.25353390005590815,0.03249290020919399,0.09865779290103499,1113.5208890455485,1264.896,0.08136969194396977,0.0004576527668705527,2.506229128979432e-05
theta,100,S0,rigid_easy_backfill,F10,theta_mal100_S0/rigid_easy_backfill/F10,66074.0,1205050.0,13.182592592592593,20.0,1607,1502,29164.186418089263,121475.0,38364.186412782954,152320.0,9200.000677762982,27189.6,4.747422245947237,4392,1389550.72,0.15,0.06,0.501,0.04,382623.2636072568,382364.8956933661,41.30126666666665,3.6624666666666665,213.40418055557765,297922.92471834493,84700.33888889986,0.0,22.136745709178943,49770.45904108573,152647.3988394468,3775.468193491177,11579.46722295132,29024.887245795333,0.2753575368643304,0.03581766273424386,0.10985377981700935,1209.370301908139,1264.776,0.030715565467888145,0.00016604887465592716,1.9238832342394333e-05
theta,100,S0,rigid_easy_backfill,F0,theta_mal100_S0/rigid_easy_backfill/F0,66074.0,1205050.0,13.182592592592593,20.0,1607,1502,27557.292276963355,84714.0,36670.8724780293,117711.0,9113.583270972038,27182.0,4.747422245947237,4392,1389550.72,0.15,0.06,0.501,0.04,395411.80256002664,395411.80256002664,0.0,0.0,0.0,310711.4636710987,84700.33888889986,0.0,21.42079177721097,51688.739883998795,159054.45685477642,3920.9843982467546,12065.491346834948,29994.995277500402,0.2845608993387637,0.03719816710540713,0.11446466441669464,1249.7914698958502,1264.896,0.0,0.0,0.0
theta,100,S3,min_steal_agreement,F30,theta_mal100_S3/min_steal_agreement/F30,62995.0,1205050.0,13.218229166666667,20.0,1607,1510,8897.62715231788,41265.0,36194.64380907285,148502.0,27297.016930728478,102164.0,4.759840813270814,4392,1393307.1,0.15,0.06,0.501,0.04,362690.1468082975,361900.249199957,109.40480000000007,1.5024333333333333,678.9903749999849,277647.69680829113,85042.45000001078,0.0,23.447686888764746,46749.701521244315,142503.1941009543,3536.7597982894945,10780.808253825298,27438.63358965803,0.26030883414596645,0.03355304908820483,0.10227694533455998,1143.2763995690846,1264.896,0.09746456829223077,0.0004386685462235856,7.87096158963567e-06
theta,100,S3,min_steal_agreement,F10,theta_mal100_S3/min_steal_agreement/F10,62995.0,1205050.0,13.218229166666667,20.0,1607,1510,1478.766225165563,9326.0,27229.450956357618,109995.0,25750.684045496688,99090.6,4.759840813270814,4392,1393307.1,0.15,0.06,0.501,0.04,388797.25151384604,388544.680799964,33.443166666666656,0.11645,219.0110972222456,303754.80151385086,85042.45000001078,0.0,21.873212752632384,50665.76722707827,155582.85355843973,3833.022304897367,11770.325025895594,29413.716967043005,0.2790463434183649,0.03636367547906579,0.11166443748003561,1225.5715402934584,1264.896,0.031437591500426895,0.00013409343376871713,6.100593329352876e-07
theta,100,S3,min_steal_agreement,F0,theta_mal100_S3/min_steal_agreement/F0,279678.0,1205050.0,10.710324074074075,20.0,1607,1211,173.66804293971924,20.0,20537.425436003305,74147.7,20363.757468208092,74131.7,4.711186420163999,4392,1128953.84,0.15,0.06,0.501,0.04,324911.847919967,324911.847919967,0.0,0.0,0.0,254479.4288088204,70432.4191111104,0.0,21.67739328744314,42397.85946798968,130311.49059766343,3958.5972538982246,12166.904539620953,30336.32275483281,0.2877990546716835,0.03755499823446251,0.11542676589652542,1264.0134481180341,1264.896,0.0,0.0,0.0
theta,100,S3,rigid_easy_backfill,F30,theta_mal100_S3/rigid_easy_backfill/F30,10758.0,1205050.0,13.822824074074074,20.0,1607,1570,21199.340764328692,48689.0,30549.61879044586,73098.2,9350.269475159235,27197.1,4.732510977214952,4392,1457036.24,0.15,0.06,0.501,0.04,367738.9726999948,366959.4941333235,140.0346833333334,13.638349999999999,625.8055333334108,278095.8735888638,89643.09911112633,0.0,24.37682861105344,47092.966984997154,142911.75663246584,3406.8991063355984,10338.824820935792,26603.75121099325,0.2523883501346506,0.03232106772100408,0.09808387239048072,1108.4896337913854,1264.896,0.08590116239433185,0.0005369232728670267,6.832362659696097e-05
theta,100,S3,rigid_easy_backfill,F10,theta_mal100_S3/rigid_easy_backfill/F10,66074.0,1205050.0,13.182592592592593,20.0,1607,1502,26258.320905459394,65801.0,35434.644302929424,97158.9,9176.32668641811,27184.6,4.747422245947237,4392,1389550.72,0.15,0.06,0.501,0.04,381738.7298738898,381472.2524933267,42.91524999999998,5.208283333333334,218.35384722224683,297038.3909850103,84700.33888889986,0.0,22.18803916408514,49637.77898108553,152204.24743904616,3765.403400919589,11545.850815762218,28957.78862864896,0.27472097590931394,0.035722178590994885,0.10953486277855778,1206.5745261937068,1264.776,0.031427977990212866,0.0001725377825719093,2.735896295074905e-05
theta,100,S3,rigid_easy_backfill,F0,theta_mal100_S3/rigid_easy_backfill/F0,66074.0,1205050.0,13.182592592592593,20.0,1607,1502,29057.876830887468,92308.0,38171.45151398136,125111.0,9113.583330892145,27182.0,4.747422245947237,4392,1389550.72,0.15,0.06,0.501,0.04,394959.31122666,394959.31122666,0.0,0.0,0.0,310258.9723377694,84700.33888889986,0.0,21.445332843486725,51620.866183999395,158827.75869677844,3915.8356614165245,12048.294565821981,29960.67036529604,0.2842352607515183,0.037149321317324346,0.11430151948449815,1248.3612652206684,1264.896,0.0,0.0,0.0
theta,100,S7,min_steal_agreement,F30,theta_mal100_S7/min_steal_agreement/F30,62995.0,1205050.0,13.218229166666667,20.0,1607,1510,9460.96490066225,46439.0,36221.329277880795,157250.0,26760.36180847682,97876.6,4.759840813270814,4392,1393307.1,0.15,0.06,0.501,0.04,364085.86573052435,363287.44119994243,141.8306500000001,3.2560333333333333,653.3378472222553,279043.41573051695,85042.45000001078,0.0,23.357800454400053,46959.05935957819,143202.44928098944,3552.5983675633447,10833.709075199957,27544.224051483776,0.26131056515144746,0.03370330873902687,0.10277881256830561,1147.6760021451573,1264.896,0.09378231794300369,0.0005686829558250295,1.7057737426778823e-05
theta,100,S7,min_steal_agreement,F10,theta_mal100_S7/min_steal_agreement/F10,62995.0,1205050.0,13.218229166666667,20.0,1607,1510,2022.0907284768211,12592.0,28180.05997450331,119651.0,26157.969642516557,103241.0,4.759840813270814,4392,1393307.1,0.15,0.06,0.501,0.04,388652.6553027295,388396.4567999634,33.747466666666654,0.7398,221.71123611113774,303610.20530274935,85042.45000001078,0.0,21.881350568355046,50644.077795413046,155510.41085667786,3831.3814321759346,11764.844511006007,29402.77781556565,0.2789425642794252,0.03634810860822646,0.11161244413143222,1225.1157423152354,1264.896,0.031825178542635876,0.0001353135524345877,3.875671056294768e-06
theta,100,S7,min_steal_agreement,F0,theta_mal100_S7/min_steal_agreement/F0,279678.0,1205050.0,10.710324074074075,20.0,1607,1211,173.66804293971924,20.0,20537.425436003305,74147.7,20363.757468208092,74131.7,4.711186420163999,4392,1128953.84,0.15,0.06,0.501,0.04,324911.847919967,324911.847919967,0.0,0.0,0.0,254479.4288088204,70432.4191111104,0.0,21.67739328744314,42397.85946798968,130311.49059766343,3958.5972538982246,12166.904539620953,30336.32275483281,0.2877990546716835,0.03755499823446251,0.11542676589652542,1264.0134481180341,1264.896,0.0,0.0,0.0
theta,100,S7,rigid_easy_backfill,F30,theta_mal100_S7/rigid_easy_backfill/F30,10758.0,1205050.0,13.822824074074074,20.0,1607,1570,26159.31337578407,48653.0,35469.58506942675,73029.6,9310.248850955413,27238.8,4.732510977214952,4392,1457036.24,0.15,0.06,0.501,0.04,364571.0053555321,363792.18266664376,123.82325000000002,9.471266666666667,645.5281722222014,274927.9062444271,89643.09911112633,0.0,24.588652908287585,46617.77188333165,141324.60499290304,3372.521536374567,10224.003737265948,26374.567411251162,0.25021409581105003,0.03199492957246667,0.09699457097436577,1098.9403088021318,1264.896,0.08860838934551446,0.0004747651300697915,4.7447916143344064e-05
theta,100,S7,rigid_easy_backfill,F10,theta_mal100_S7/rigid_easy_backfill/F10,66074.0,1205050.0,13.182592592592593,20.0,1607,1502,30306.0572569893,101806.0,39470.53895406125,138425.0,9164.477638482023,27184.6,4.747422245947237,4392,1389550.72,0.15,0.06,0.501,0.04,382265.0682572367,381997.3602266847,42.91524999999998,5.3156,219.4771805555818,297564.72936832136,84700.33888889986,0.0,22.157488591634188,49716.729738582195,152467.94296908498,3771.3924168845538,11565.854129085197,28997.71540175144,0.2750997590481884,0.035778996061822194,0.10972463313112096,1208.2381417396434,1264.896,0.0315896609453098,0.0001725377825719093,2.7922694322377812e-05
theta,100,S7,rigid_easy_backfill,F0,theta_mal100_S7/rigid_easy_backfill/F0,66074.0,1205050.0,13.182592592592593,20.0,1607,1502,29057.876830887468,92308.0,38171.45151398136,125111.0,9113.583330892145,27182.0,4.747422245947237,4392,1389550.72,0.15,0.06,0.501,0.04,394959.31122666,394959.31122666,0.0,0.0,0.0,310258.9723377694,84700.33888889986,0.0,21.445332843486725,51620.866183999395,158827.75869677844,3915.8356614165245,12048.294565821981,29960.67036529604,0.2842352607515183,0.037149321317324346,0.11430151948449815,1248.3612652206684,1264.896,0.0,0.0,0.0
theta,25,S0,min_steal_agreement,F30,theta_mal25_S0/min_steal_agreement/F30,63035.0,1205050.0,13.217766203703704,20.0,1607,1509,3092.2544731610365,17352.0,14014.116069648773,55634.1,10921.862153545395,40521.2,4.75685520768116,4392,1393258.3,0.15,0.06,0.501,0.04,354378.4118750049,353601.7162999974,117.86553333333342,4.532416666666666,654.2976249999726,269340.40631939145,85038.00555556634,0.0,23.99638429035024,45503.3412812427,138341.06378823778,3442.5893588957842,10466.296774826726,26810.76411956097,0.25435227041174263,0.032659659218425396,0.09929319192875992,1117.1151716483737,1264.896,0.09392337730914647,0.0004726091828533637,2.3745297862810745e-05
theta,25,S0,min_steal_agreement,F10,theta_mal25_S0/min_steal_agreement/F10,66172.0,1205050.0,13.181458333333333,20.0,1607,1499,10800.332888592395,39703.0,22673.33390933956,92087.8,11873.006843895932,44035.3,4.738347742251584,4392,1389431.16,0.15,0.06,0.501,0.04,386625.4556521785,386360.694879962,39.29049999999999,0.02055,225.44972222224428,301936.0056521744,84689.45000001097,0.0,21.90477858141873,50371.76784782682,154657.51683173983,3821.4108465105455,11732.959504233397,29331.007683306045,0.2782616849129672,0.03625351820080588,0.11130995279517111,1222.1253201377517,1264.896,0.03245208956192147,0.00015797831970315105,1.0795784945545629e-07
theta,25,S0,min_steal_agreement,F0,theta_mal25_S0/min_steal_agreement/F0,66126.0,1205050.0,13.18199074074074,20.0,1607,1500,20477.967333333334,84438.0,33696.52841893333,126246.0,13218.557946066667,55645.1,4.741317243292792,4392,1389487.28,0.15,0.06,0.501,0.04,400118.29663989594,400118.29663989594,0.0,0.0,0.0,315423.73552882485,84694.56111112208,0.0,21.167380202897014,52395.23399599105,161415.07394438615,3974.7588225848494,12245.121174718386,30353.404467450866,0.2879611079562354,0.03770832216325942,0.11616880288705209,1264.725186143786,1264.896,0.0,0.0,0.0
theta,25,S0,rigid_easy_backfill,F30,theta_mal25_S0/rigid_easy_backfill/F30,10758.0,1205050.0,13.822824074074074,20.0,1607,1570,24915.731210182104,54622.0,34041.69000573248,94148.5,9125.940742675159,27190.8,4.732510977214952,4392,1457036.24,0.15,0.06,0.501,0.04,376394.58645001566,375786.72973335086,97.5699166666667,5.749433333333334,504.5373666666927,286751.4873388983,89643.09911112633,0.0,23.81625622105772,48391.30904750232,147248.2191212331,3500.8265162156326,10652.542369935109,27229.933943525833,0.2583289118807475,0.03321215198292001,0.10106009382527993,1134.580580980243,1264.896,0.06925529411219952,0.00037410417007426895,2.8802761053264306e-05
theta,25,S0,rigid_easy_backfill,F10,theta_mal25_S0/rigid_easy_backfill/F10,66074.0,1205050.0,13.182592592592593,20.0,1607,1502,37899.70838881497,164038.0,47040.47625099867,217545.0,9140.764322902796,27184.6,4.747422245947237,4392,1389550.72,0.15,0.06,0.501,0.04,384074.9233822531,383839.0936933621,43.219549999999984,4.0415,188.5686388889083,299374.5844933077,84700.33888889986,0.0,22.053077077516274,49988.20800733014,153374.68038670314,3791.9861101843444,11634.6370647065,29135.006690418995,0.2764022340848797,0.03597436731732264,0.11037717312449245,1213.9586121007917,1264.896,0.02714095083753242,0.00017376119959118872,2.1229883569849108e-05
theta,25,S0,rigid_easy_backfill,F0,theta_mal25_S0/rigid_easy_backfill/F0,66074.0,1205050.0,13.182592592592593,20.0,1607,1502,27557.605193061252,84714.0,36671.191252996,117711.0,9113.583357523303,27182.0,4.747422245947237,4392,1389550.72,0.15,0.06,0.501,0.04,395412.0985600263,395412.0985600263,0.0,0.0,0.0,310711.7596710983,84700.33888889986,0.0,21.420775741904052,51688.784283998735,159054.60515077625,3920.987766324743,12065.50259621543,29995.017731353666,0.2845611123572563,0.037198199058181,0.11446477113895939,1249.7924054730695,1264.896,0.0,0.0,0.0
theta,25,S3,min_steal_agreement,F30,theta_mal25_S3/min_steal_agreement/F30,16785.0,1205050.0,13.75306712962963,20.0,1607,1565,7553.627476038344,39338.0,20243.198916485624,97099.3,12689.572675846646,45770.0,4.741366614349492,4392,1449683.3,0.15,0.06,0.501,0.04,368666.07785697526,367853.9504000132,133.14020000000005,11.576500000000003,667.4107569444212,279023.6484124491,89642.42944445966,0.0,24.315345194096384,47232.093028534946,143376.5450324154,3434.2952436244605,10425.059638044284,26806.098914671948,0.2543080118650572,0.0325809733950408,0.09890197744046261,1116.9207881113311,1264.896,0.09207676696619799,0.0005130775804618843,5.828859310167952e-05
theta,25,S3,min_steal_agreement,F10,theta_mal25_S3/min_steal_agreement/F10,66074.0,1205050.0,13.182592592592593,20.0,1607,1502,10806.784953395476,31711.0,23901.463000466047,97303.3,13094.676741944075,46894.1,4.747422245947237,4392,1389550.72,0.15,0.06,0.501,0.04,386579.1282738548,386313.119493306,35.36144999999999,4.1374,226.5099305555837,301878.7893849506,84700.33888889986,0.0,21.910220364741903,50363.83874107658,154629.28703741622,3820.4805608098995,11729.808529795851,29324.969694586234,0.27820440284026104,0.0362446926306343,0.11128005967095338,1221.8737372744267,1264.896,0.0326018945973495,0.00014216825421097258,2.1733643518964174e-05
theta,25,S3,min_steal_agreement,F0,theta_mal25_S3/min_steal_agreement/F0,66074.0,1205050.0,13.182592592592593,20.0,1607,1502,17969.237683089214,67873.0,32020.13763921438,113940.0,14050.892224234354,53255.7,4.747422245947237,4392,1389550.72,0.15,0.06,0.501,0.04,400137.8854932207,400137.8854932207,0.0,0.0,0.0,315437.5466043818,84700.33888889986,0.0,21.16778789503922,52397.65232399126,161422.22440435126,3974.7608033820243,12245.104539986749,30353.504645062116,0.28796205833582,0.03770834095497519,0.11616864507425197,1264.7293602109216,1264.896,0.0,0.0,0.0
theta,25,S3,rigid_easy_backfill,F30,theta_mal25_S3/rigid_easy_backfill/F30,10758.0,1205050.0,13.822824074074074,20.0,1607,1570,27755.28471336508,75902.0,36940.18405095542,107094.0,9184.881653503186,27197.1,4.732510977214952,4392,1457036.24,0.15,0.06,0.501,0.04,369539.988372223,368837.4076000005,109.72401666666673,6.770083333333334,586.0866722222047,279896.88926110097,89643.09911112633,0.0,24.25802401141832,47363.11933583273,143814.06548425666,3426.4430395715185,10404.101557943766,26734.04409923207,0.25362443172465154,0.03250647995950515,0.09870314926707427,1113.9185041346695,1264.896,0.08044915509064102,0.00042070561905401427,3.391588027121869e-05
theta,25,S3,rigid_easy_backfill,F10,theta_mal25_S3/rigid_easy_backfill/F10,66074.0,1205050.0,13.182592592592593,20.0,1607,1502,29560.749667073902,120981.0,38678.02075233022,153229.0,9117.267225699068,27182.0,4.747422245947237,4392,1389550.72,0.15,0.06,0.501,0.04,382207.27471834415,381961.9510266852,34.05176666666666,0.4658,210.8061250000228,297506.9358294629,84700.33888889986,0.0,22.160839024143943,49708.06070775342,152438.9884061169,3770.7348049036113,11563.65770506885,28993.331321875907,0.27505816751931456,0.0357727573324948,0.10970379577516746,1208.0554717448297,1264.896,0.030341623658041068,0.00013690276331426992,2.4468340385588804e-06
theta,25,S3,rigid_easy_backfill,F0,theta_mal25_S3/rigid_easy_backfill/F0,66074.0,1205050.0,13.182592592592593,20.0,1607,1502,29056.7782955959,92318.0,38170.35903262317,125121.0,9113.583231025299,27182.0,4.747422245947237,4392,1389550.72,0.15,0.06,0.501,0.04,394956.61722666124,394956.61722666124,0.0,0.0,0.0,310256.2783377684,84700.33888889986,0.0,21.445479122151603,51620.46208399925,158826.40900277795,3915.805007355322,12048.192181257562,29960.46600488819,0.28423332199537216,0.03714903050390219,0.11430054816766815,1248.3527502036748,1264.896,0.0,0.0,0.0
theta,25,S7,min_steal_agreement,F30,theta_mal25_S7/min_steal_agreement/F30,66118.0,1205050.0,13.182083333333333,20.0,1607,1501,4539.8401065955595,24846.0,15324.229793004664,70860.8,10784.390543837442,32729.8,4.744444795650662,4392,1389497.04,0.15,0.06,0.501,0.04,348410.4052283474,347604.12818666693,125.72960000000009,11.398399999999999,669.1490416666556,263714.95522826695,84695.45000001097,0.0,24.30910464470823,44638.9702842407,135509.01056936217,3386.3365262881334,10279.787127934673,26430.602539685613,0.2507456980465013,0.03212599163524717,0.09752378498723695,1101.2751058202339,1264.896,0.09631528854018526,0.0005055066544078424,5.98777813877171e-05
theta,25,S7,min_steal_agreement,F10,theta_mal25_S7/min_steal_agreement/F10,66126.0,1205050.0,13.18199074074074,20.0,1607,1500,14936.207333333325,50362.0,26880.982605866666,92063.7,11944.765417866667,46325.8,4.741317243292792,4392,1389487.28,0.15,0.06,0.501,0.04,386733.5850788626,386469.1090399804,39.29049999999999,4.457066666666667,220.7284722222522,302039.02396774315,84694.56111112208,0.0,21.89997568839313,50387.52726182879,154709.33345228422,3822.452029654312,11736.416486330394,29338.025847917623,0.27832826586139214,0.0362633958490277,0.11134274899751814,1222.4177436632342,1264.896,0.03177121164034294,0.00015797193911699573,2.3413912312557e-05
theta,25,S7,min_steal_agreement,F0,theta_mal25_S7/min_steal_agreement/F0,66126.0,1205050.0,13.18199074074074,20.0,1607,1500,20266.866,68273.0,32916.361586666666,140964.0,12649.491976666666,51232.1,4.741317243292792,4392,1389487.28,0.15,0.06,0.501,0.04,399811.54263989476,399811.54263989476,0.0,0.0,0.0,315116.9815288207,84694.56111112208,0.0,21.183620800914547,52349.22089599043,161261.39019038406,3971.2682193136447,12233.46255979256,30330.133778976393,0.28774034019217126,0.03767520699864948,0.11605819823725487,1263.7555741240162,1264.896,0.0,0.0,0.0
theta,25,S7,rigid_easy_backfill,F30,theta_mal25_S7/rigid_easy_backfill/F30,10758.0,1205050.0,13.822824074074074,20.0,1607,1570,21387.091719745404,36422.0,30503.730626751592,64301.6,9116.619755414013,27197.1,4.732510977214952,4392,1457036.24,0.15,0.06,0.501,0.04,360574.7051916829,359743.3410000196,145.37485000000004,21.58435,664.4049916666439,270931.6060805568,89643.09911112633,0.0,24.86117240627617,46018.3268587511,139322.45861080402,3329.155215471673,10079.160225450281,26085.458605233398,0.24747133619111827,0.031583515629474736,0.09562044840477271,1086.8941085513914,1264.896,0.09119951493679618,0.0005573986272297524,0.00010813046077700855
theta,25,S7,rigid_easy_backfill,F10,theta_mal25_S7/rigid_easy_backfill/F10,66074.0,1205050.0,13.182592592592593,20.0,1607,1502,27778.300932083213,72874.0,36910.670388149134,108800.0,9132.360015312915,27184.6,4.747422245947237,4392,1389550.72,0.15,0.06,0.501,0.04,382772.9814738939,382513.05942666857,43.219549999999984,4.4799,212.2225972222446,298072.6425850212,84700.33888889986,0.0,22.12808713999492,49792.91672108717,152722.40749065162,3777.1717794772944,11585.157200144953,29036.244485699815,0.2754652823855857,0.03583382456243639,0.10990776032317238,1209.8435202374924,1264.896,0.0305454985079238,0.00017376119959118872,2.3532786194375113e-05
theta,25,S7,rigid_easy_backfill,F0,theta_mal25_S7/rigid_easy_backfill/F0,66074.0,1205050.0,13.182592592592593,20.0,1607,1502,29056.392143807203,92318.0,38169.98090346205,125121.0,9113.583157789613,27182.0,4.747422245947237,4392,1389550.72,0.15,0.06,0.501,0.04,394957.3732266589,394957.3732266589,0.0,0.0,0.0,310257.03433776903,84700.33888889986,0.0,21.445438072703574,51620.57548399934,158826.78775877826,3915.8136096085805,12048.220912783449,29960.523353243025,0.28423386605611556,0.03714911211301401,0.11430082074210163,1248.3551397184594,1264.896,0.0,0.0,0.0
theta,50,S0,min_steal_agreement,F30,theta_mal50_S0/min_steal_agreement/F30,66126.0,1205050.0,13.18199074074074,20.0,1607,1500,5974.918666666663,30439.0,20741.540593066667,85091.0,14766.622752866666,57492.8,4.741317243292792,4392,1389487.28,0.15,0.06,0.501,0.04,363593.9006732993,362857.13383995363,99.78355000000006,0.31053333333333333,636.6727499999902,278899.3395621649,84694.56111112208,0.0,23.293724387093846,46916.57460099206,143116.3515650895,3559.1418264306612,10856.960407563396,27582.62449309441,0.26167486806593815,0.033765386179708,0.10299939670199033,1149.2760205456002,1264.896,0.09164139307558108,0.00040119115016295793,1.6312971693174959e-06
theta,50,S0,min_steal_agreement,F10,theta_mal50_S0/min_steal_agreement/F10,66172.0,1205050.0,13.181458333333333,20.0,1607,1499,8947.947965310208,34661.0,25597.389018012007,102785.0,16649.44001047365,75798.9,4.738347742251584,4392,1389431.16,0.15,0.06,0.501,0.04,387592.1721077299,387334.1932799558,37.06791666666666,0.3288,220.58211111114042,302902.72210773814,84689.45000001097,0.0,21.85014458353711,50516.77531616138,155141.84177597726,3832.411713384878,11769.702399593665,29404.34679580066,0.2789574491101307,0.03635788283038174,0.11165853065795449,1225.181116491694,1264.896,0.031751427125200085,0.0001490418088315605,1.7273255912873006e-06
theta,50,S0,min_steal_agreement,F0,theta_mal50_S0/min_steal_agreement/F0,66172.0,1205050.0,13.181458333333333,20.0,1607,1499,15752.775850567044,58965.0,34690.34960346898,122862.0,18937.575511874584,88524.8,4.738347742251584,4392,1389431.16,0.15,0.06,0.501,0.04,400106.3640799046,400106.3640799046,0.0,0.0,0.0,315416.9140799698,84689.45000001097,0.0,21.166734049523335,52393.90411199613,161411.45195406533,3974.818475092561,12245.340983697326,30353.72520718089,0.2879641507967222,0.03770888808337661,0.11617088820295735,1264.7385502992038,1264.896,0.0,0.0,0.0
theta,50,S0,rigid_easy_backfill,F30,theta_mal50_S0/rigid_easy_backfill/F30,10758.0,1205050.0,13.822824074074074,20.0,1607,1570,26351.800000000116,80124.0,35599.416658598726,102134.0,9247.604873248407,27197.1,4.732510977214952,4392,1457036.24,0.15,0.06,0.501,0.04,380756.4309666905,380162.4121333414,105.67265000000006,10.930316666666666,477.41586666667644,291113.33185555233,89643.09911112633,0.0,23.543423517111528,49045.585725000434,149433.5032240768,3548.159584624227,10810.634818419812,27545.48773291796,0.2613225536289272,0.03366119824514484,0.10255990834111085,1147.7286555382482,1264.896,0.06553246289421966,0.0004051718027274325,5.4757274488473486e-05
theta,50,S0,rigid_easy_backfill,F10,theta_mal50_S0/rigid_easy_backfill/F10,66074.0,1205050.0,13.182592592592593,20.0,1607,1502,28146.874167764243,117975.0,37280.804296271635,156406.0,9133.922868175765,27182.0,4.747422245947237,4392,1389550.72,0.15,0.06,0.501,0.04,383262.46480723965,383021.8942266741,44.529233333333316,3.2423333333333333,192.7990138889063,298562.1259183464,84700.33888889986,0.0,22.099826272186494,49866.339221085946,152967.63864064752,3782.7414350274503,11603.759849682474,29073.375522702412,0.27581754252715557,0.035886663583669653,0.11008424265409147,1211.3906467792674,1264.896,0.027749834693171747,0.0001790266904878914,1.7031883993890245e-05
theta,50,S0,rigid_easy_backfill,F0,theta_mal50_S0/rigid_easy_backfill/F0,66074.0,1205050.0,13.182592592592593,20.0,1607,1502,27557.465379476012,84714.0,36671.05187217044,117711.0,9113.583297603196,27182.0,4.747422245947237,4392,1389550.72,0.15,0.06,0.501,0.04,395411.7905600271,395411.7905600271,0.0,0.0,0.0,310711.4516710985,84700.33888889986,0.0,21.42079242729146,51688.73808399876,159054.4508427763,3920.9842617030495,12065.490890778974,29994.994367209092,0.2845608907028792,0.03719816581002438,0.11446466009011626,1249.7914319670456,1264.896,0.0,0.0,0.0
theta,50,S3,min_steal_agreement,F30,theta_mal50_S3/min_steal_agreement/F30,66126.0,1205050.0,13.18199074074074,20.0,1607,1500,8125.518666666667,48795.0,25770.3677046,101363.0,17644.8473884,71267.8,4.741317243292792,4392,1389487.28,0.15,0.06,0.501,0.04,361406.1831982997,360597.2546399551,129.14551666666674,5.468583333333333,674.3144583333067,276711.6220871637,84694.56111112208,0.0,23.434729412100587,46588.41697974187,142020.3051101139,3534.2474362202374,10773.813144260585,27416.661891691718,0.26010038983465883,0.033529214445015915,0.10221058310811877,1142.3609121538213,1264.896,0.09705946474491416,0.0005192442879601843,2.8727622944966195e-05
theta,50,S3,min_steal_agreement,F10,theta_mal50_S3/min_steal_agreement/F10,66194.0,1205050.0,13.181203703703703,20.0,1607,1498,11284.142857142857,59206.0,29713.554275567425,123705.0,18429.41226468625,84005.5,4.735278209009743,4392,1389404.32,0.15,0.06,0.501,0.04,387556.82430995535,387293.1533599524,41.34303333333332,1.3814166666666667,220.94650000001582,302869.8187544131,84687.00555556652,0.0,21.851506732297043,50511.693146495956,155125.25941818362,3832.100184621454,11768.67173174753,29402.23313604191,0.2789373969342166,0.03635492737383741,0.11164875276779304,1225.0930473350795,1264.896,0.031804493021872854,0.0001662343087191975,7.25730673799354e-06
theta,50,S3,min_steal_agreement,F0,theta_mal50_S3/min_steal_agreement/F0,66172.0,1205050.0,13.181458333333333,20.0,1607,1499,12916.10006671114,58231.0,32495.525244963308,130650.0,19579.42584516344,80814.8,4.738347742251584,4392,1389431.16,0.15,0.06,0.501,0.04,400106.852079887,400106.852079887,0.0,0.0,0.0,315417.4020799513,84689.45000001097,0.0,21.166708233005096,52393.97731199335,161411.69644205604,3974.824028347396,12245.359531568474,30353.76222887986,0.28796450201957974,0.037708940766805144,0.11617106416560864,1264.740092869994,1264.896,0.0,0.0,0.0
theta,50,S3,rigid_easy_backfill,F30,theta_mal50_S3/rigid_easy_backfill/F30,10758.0,1205050.0,13.822824074074074,20.0,1607,1570,28264.666878981156,74513.0,37573.227777707005,99735.9,9308.542099363058,27197.1,4.732510977214952,4392,1457036.24,0.15,0.06,0.501,0.04,368512.3856888541,367752.7515999686,129.47070000000008,23.436133333333334,606.7272555556326,278869.2865777815,89643.09911112633,0.0,24.325667899481306,47208.9789333348,143299.23653991357,3415.291888282034,10366.856712636887,26659.703090631934,0.252919162593275,0.03240068958980375,0.09834980943227162,1110.820962109664,1264.896,0.08328238363591499,0.0004964186752142829,0.00011740728334023227
theta,50,S3,rigid_easy_backfill,F10,theta_mal50_S3/rigid_easy_backfill/F10,66074.0,1205050.0,13.182592592592593,20.0,1607,1502,26246.25699067904,65801.0,35407.67266511318,97158.9,9161.412465379493,27184.6,4.747422245947237,4392,1389550.72,0.15,0.06,0.501,0.04,381810.09654055344,381541.4860933243,45.53461666666664,6.226650000000001,216.84918055557458,297109.7576516768,84700.33888889986,0.0,22.18389184999028,49648.483981085505,152240.00213904606,3766.2154566608842,11548.563081938144,28963.20233359071,0.27477233543555246,0.03572988251993098,0.10956059390120432,1206.8000972329464,1264.776,0.031211409189231404,0.00018306876436531466,3.270841383897092e-05
theta,50,S3,rigid_easy_backfill,F0,theta_mal50_S3/rigid_easy_backfill/F0,66074.0,1205050.0,13.182592592592593,20.0,1607,1502,29056.77829560585,92318.0,38170.36573701731,125121.0,9113.583250998669,27182.0,4.747422245947237,4392,1389550.72,0.15,0.06,0.501,0.04,394956.53122666036,394956.53122666036,0.0,0.0,0.0,310256.19233776786,84700.33888889986,0.0,21.445483791807828,51620.44918399917,158826.3659167777,3915.804028792115,12048.188912856453,29960.45948113345,0.2842332601048635,0.03714902122032593,0.11430051716052343,1248.3524783805606,1264.896,0.0,0.0,0.0
theta,50,S7,min_steal_agreement,F30,theta_mal50_S7/min_steal_agreement/F30,66074.0,1205050.0,13.182592592592593,20.0,1607,1502,5167.727030625813,26750.0,19172.712496870838,85972.7,14004.986866245006,60613.9,4.747422245947237,4392,1389550.72,0.15,0.06,0.501,0.04,357048.414587769,356282.7013599685,113.03850000000008,8.0282,644.6465277777842,272348.0756988213,84700.33888889986,0.0,23.722368011825736,45934.23168815718,139834.39948066545,3484.4611456753964,10607.503683246614,27084.840260359517,0.25695241594906953,0.03305689459695087,0.10063281423845072,1128.5350108483133,1264.896,0.09278488629443879,0.0004544634398088038,4.217190431163247e-05
theta,50,S7,min_steal_agreement,F10,theta_mal50_S7/min_steal_agreement/F10,66194.0,1205050.0,13.181203703703703,20.0,1607,1498,10962.567423230974,42854.0,28709.765534045393,119210.0,17747.197868157542,77065.2,4.735278209009743,4392,1389404.32,0.15,0.06,0.501,0.04,387660.27914328314,387395.70975995745,44.854416666666644,1.6417166666666667,218.07325000002072,302973.2735877425,84687.00555556652,0.0,21.84567522437999,50527.21137149536,155177.09028968163,3833.277484157083,11772.603912196531,29410.08179961265,0.27901185678138896,0.03636609635091343,0.11168605715122695,1225.4200749838603,1264.896,0.031390898511097186,0.00018035306910038493,8.624799247301414e-06
theta,50,S7,min_steal_agreement,F0,theta_mal50_S7/min_steal_agreement/F0,66194.0,1205050.0,13.181203703703703,20.0,1607,1498,14093.708945260347,70262.0,31764.11599753004,141060.0,17670.40220447263,82476.2,4.735278209009743,4392,1389404.32,0.15,0.06,0.501,0.04,400077.56815989525,400077.56815989525,0.0,0.0,0.0,315390.562604408,84687.00555556652,0.0,21.16764655041106,52389.80472399519,161398.15208703108,3974.584256616451,12244.56853221082,30352.126949337715,0.28794898821093,0.03770666606535036,0.11616355999744629,1264.6719562224046,1264.896,0.0,0.0,0.0
theta,50,S7,rigid_easy_backfill,F30,theta_mal50_S7/rigid_easy_backfill/F30,10758.0,1205050.0,13.822824074074074,20.0,1607,1570,21067.24458598742,36422.0,30272.0003910828,64291.6,9204.748245859873,27197.1,4.732510977214952,4392,1457036.24,0.15,0.06,0.501,0.04,360369.53806946165,359531.63140001986,149.30390000000003,20.6185,667.9842694444205,270726.4389583348,89643.09911112633,0.0,24.875326474971786,45987.5517904178,139219.6698825708,3326.928820332128,10071.724065684202,26070.61597096982,0.2473305249219207,0.03156239393909502,0.09554990195890446,1086.2756654570758,1264.896,0.09169082430570766,0.0005724634549927187,0.00010329187144995103
theta,50,S7,rigid_easy_backfill,F10,theta_mal50_S7/rigid_easy_backfill/F10,66074.0,1205050.0,13.182592592592593,20.0,1607,1502,27522.07589878829,72874.0,36659.50197936085,108800.0,9137.410341544608,27184.6,4.747422245947237,4392,1389550.72,0.15,0.06,0.501,0.04,382758.11020722863,382504.92422667,37.980816666666655,2.4934,212.71176388891172,298057.77131835395,84700.33888889986,0.0,22.12894688058794,49790.686031087076,152714.95698605131,3777.0025646597674,11584.592022654413,29035.116386916452,0.2754545801733877,0.03583221923060648,0.10990239851486049,1209.796516121519,1264.896,0.030615904957954885,0.00015269923600437797,1.3097758676991654e-05
theta,50,S7,rigid_easy_backfill,F0,theta_mal50_S7/rigid_easy_backfill/F0,66074.0,1205050.0,13.182592592592593,20.0,1607,1502,29057.437416766174,92308.0,38171.025754993345,125111.0,9113.583310918775,27182.0,4.747422245947237,4392,1389550.72,0.15,0.06,0.501,0.04,394960.94722666126,394960.94722666126,0.0,0.0,0.0,310260.6083377675,84700.33888889986,0.0,21.445244013021824,51621.11158399911,158828.57833277748,3915.854276874599,12048.356741451948,29960.79446835011,0.284236438110486,0.03714949792116916,0.11430210934133983,1248.3664361812546,1264.896,0.0,0.0,0.0
theta,75,S0,min_steal_agreement,F30,theta_mal75_S0/min_steal_agreement/F30,66118.0,1205050.0,13.182083333333333,20.0,1607,1501,3327.0219853431045,17353.0,23066.30301892072,89974.0,19739.280143904063,77989.6,4.744444795650662,4392,1389497.04,0.15,0.06,0.501,0.04,361713.4651699614,360930.9699199568,105.30868333333339,0.1644,677.0221666666362,277018.01516994473,84695.45000001097,0.0,23.41506693985373,46634.429275492366,142173.84360014275,3537.713128968666,10785.384980887651,27439.779890884325,0.26031970904375684,0.03356209328484238,0.10232036449688496,1143.32416212018,1264.896,0.09744852233246451,0.00042340260520934013,8.636218469382274e-07
theta,75,S0,min_steal_agreement,F10,theta_mal75_S0/min_steal_agreement/F10,66432.0,1205050.0,13.178449074074074,20.0,1607,1492,6162.394101876685,30468.0,28522.861689477213,114997.0,22360.466394369974,98726.1,4.717297636257287,4392,1389113.96,0.15,0.06,0.501,0.04,387347.64487715834,387080.94327994867,42.34244999999999,1.0023833333333334,223.35676388889144,302687.0837660823,84660.56111112205,0.0,21.8564801492393,50482.69623157967,155032.6514112521,3830.7008622808385,11764.104451125999,29392.506105986802,0.27884511712570964,0.036341652078408074,0.11160542322334166,1224.6877544161168,1264.896,0.032158162731139625,0.000170288404559695,5.267146452596781e-06
theta,75,S0,min_steal_agreement,F0,theta_mal75_S0/min_steal_agreement/F0,74763.0,1205050.0,13.082025462962964,20.0,1607,1470,7632.22925170068,35955.0,31765.54369931973,123161.0,24133.315335442177,108341.0,4.681996696414274,4392,1378950.14,0.15,0.06,0.501,0.04,397089.88608655846,397089.88608655846,0.0,0.0,0.0,313354.9916421771,83734.89444445471,0.0,21.087138549331375,52027.34241299385,160340.2465905089,3977.009719197574,12256.530691249185,30353.853629988356,0.287965369136957,0.0377296762977912,0.1162770443538364,1264.743901249515,1264.896,0.0,0.0,0.0
theta,75,S0,rigid_easy_backfill,F30,theta_mal75_S0/rigid_easy_backfill/F30,10758.0,1205050.0,13.822824074074074,20.0,1607,1570,23209.91464968158,55111.0,32639.594919745225,75387.1,9429.666153503185,27197.1,4.732510977214952,4392,1457036.24,0.15,0.06,0.501,0.04,372421.2147166991,371727.4511333695,122.66870000000003,10.875516666666666,560.2193666666484,282778.1156055312,89643.09911112633,0.0,24.070352484972656,47795.303287497256,145257.5598828162,3457.7090058710623,10508.529885384243,26942.483874565685,0.25560188860964717,0.03280309849224976,0.09969385516644129,1122.6034947735702,1264.896,0.07689848080465955,0.00047033833557907933,5.448274459757661e-05
theta,75,S0,rigid_easy_backfill,F10,theta_mal75_S0/rigid_easy_backfill/F10,66074.0,1205050.0,13.182592592592593,20.0,1607,1502,34606.85952063448,121424.0,43786.787176431426,157079.0,9179.92054460719,27190.8,4.747422245947237,4392,1389550.72,0.15,0.06,0.501,0.04,382760.45079057675,382498.763693361,44.22493333333331,3.2240666666666664,214.23809722224414,298060.11190164386,84700.33888889986,0.0,22.128811561893247,49791.03711858056,152716.12961827955,3777.029197318785,11584.680975735531,29035.293937980983,0.2754562645907425,0.03583247189320341,0.10990324240793424,1209.8039140825413,1264.896,0.030835592272907063,0.00017780327346861196,1.6935929717868328e-05
theta,75,S0,rigid_easy_backfill,F0,theta_mal75_S0/rigid_easy_backfill/F0,66074.0,1205050.0,13.182592592592593,20.0,1607,1502,27557.45872170032,84714.0,36671.04513448735,117711.0,9113.583297603196,27182.0,4.747422245947237,4392,1389550.72,0.15,0.06,0.501,0.04,395411.89856002695,395411.89856002695,0.0,0.0,0.0,310711.5596710984,84700.33888889986,0.0,21.420786576568236,51688.75428399875,159054.5049507763,3920.9854905963707,12065.494995282666,29995.002559831224,0.28456096842584266,0.03719817746846891,0.114464699029321,1249.7917733263012,1264.896,0.0,0.0,0.0
theta,75,S3,min_steal_agreement,F30,theta_mal75_S3/min_steal_agreement/F30,62995.0,1205050.0,13.218229166666667,20.0,1607,1510,6529.388741721854,34022.0,29849.709521788078,131322.0,23320.319685165563,89430.6,4.759840813270814,4392,1393307.1,0.15,0.06,0.501,0.04,365292.5943916087,364534.3703999317,123.06548333333345,2.76055,632.3979583333723,280250.1443916382,85042.45000001078,0.0,23.280638946882608,47140.06865874638,143807.0203402112,3566.2922819966525,10879.446749407207,27635.516814369705,0.2621766546597004,0.03383322216526879,0.1032127234119536,1151.4798672654044,1264.896,0.09077653567305202,0.0004934423047630107,1.4461994774877699e-05
theta,75,S3,min_steal_agreement,F10,theta_mal75_S3/min_steal_agreement/F10,62995.0,1205050.0,13.218229166666667,20.0,1607,1510,2541.5741721854306,12580.0,25845.67331675497,109859.0,23304.09968344371,96893.0,4.759840813270814,4392,1393307.1,0.15,0.06,0.501,0.04,388985.4019471605,388735.6451999518,34.16214999999998,0.0,215.59459722223832,303942.95194718655,85042.45000001078,0.0,21.86263278115586,50693.989792078624,155677.1169255409,3835.157429401905,11777.456341740752,29427.951130404985,0.27918138215699934,0.036383931289863246,0.11173209188809911,1226.164630433541,1264.896,0.03094717556843315,0.00013697626316552897,0.0
theta,75,S3,min_steal_agreement,F0,theta_mal75_S3/min_steal_agreement/F0,69556.0,1205050.0,13.142291666666667,20.0,1607,1484,3496.58153638814,21430.0,27157.5642074124,109622.0,23660.98379615903,95373.8,4.704912575495775,4392,1385302.68,0.15,0.06,0.501,0.04,398921.09003989643,398921.09003989643,0.0,0.0,0.0,314607.6400399779,84313.4500000107,0.0,21.13537040410133,52249.953005997326,160990.96566002938,3975.7109590347186,12249.839658357101,30353.99762521603,0.28796673521190075,0.037717355030308125,0.11621356688635684,1264.7499010506679,1264.896,0.0,0.0,0.0
theta,75,S3,rigid_easy_backfill,F30,theta_mal75_S3/rigid_easy_backfill/F30,10758.0,1205050.0,13.822824074074074,20.0,1607,1570,21056.74203821667,48672.0,30398.45571401274,71979.6,9341.698774522292,27197.1,4.732510977214952,4392,1457036.24,0.15,0.06,0.501,0.04,368682.48919998674,367919.3469333196,140.8670333333334,17.538283333333332,604.7369500000748,279039.390088874,89643.09911112633,0.0,24.31444447108001,47234.49445999868,143384.45839897092,3417.137786524473,10373.022012766633,26672.009078917763,0.25303590883915605,0.032418201526681775,0.09840829930144422,1111.3337116215735,1264.896,0.08300918445240593,0.000540114682848703,8.786100383245558e-05
theta,75,S3,rigid_easy_backfill,F10,theta_mal75_S3/rigid_easy_backfill/F10,66074.0,1205050.0,13.182592592592593,20.0,1607,1502,26256.643142476678,65801.0,35430.61527496671,97158.9,9173.975195073235,27184.6,4.747422245947237,4392,1389550.72,0.15,0.06,0.501,0.04,381758.7201572221,381489.7940933243,44.22493333333331,6.715283333333334,217.98584722224257,297058.38126834366,84700.33888889986,0.0,22.186877317174886,49640.77752358554,152214.26257099616,3765.630863194475,11546.610539760335,28959.305043814787,0.2747353620580486,0.035724336513305206,0.10954207023907422,1206.6377101589496,1264.776,0.03137501122984877,0.00017780327346861196,3.527519072255719e-05
theta,75,S3,rigid_easy_backfill,F0,theta_mal75_S3/rigid_easy_backfill/F0,66074.0,1205050.0,13.182592592592593,20.0,1607,1502,29056.145805589233,92318.0,38169.73431225033,125121.0,9113.583297603196,27182.0,4.747422245947237,4392,1389550.72,0.15,0.06,0.501,0.04,394957.77122666,394957.77122666,0.0,0.0,0.0,310257.4323377688,84700.33888889986,0.0,21.44541646207834,51620.63518399931,158826.98715677814,3915.8181383080414,12048.236038639647,29960.553544572864,0.28423415247963024,0.037149155076541075,0.11430096424028202,1248.3563976905361,1264.896,0.0,0.0,0.0
theta,75,S7,min_steal_agreement,F30,theta_mal75_S7/min_steal_agreement/F30,64689.0,1205050.0,13.198622685185185,20.0,1607,1505,5050.543521593356,27241.0,26233.8253310299,115946.0,21183.282784651165,93187.4,4.751127055379832,4392,1391240.42,0.15,0.06,0.501,0.04,364900.75626829016,364174.9465599374,95.78886666666669,1.4476333333333333,628.5732083333133,280046.5284905069,84854.22777778887,0.0,23.25405643045599,47098.23294024337,143697.4798848555,3568.4202862400825,10887.308722458516,27646.881418761488,0.26228447004744887,0.03385341042653388,0.10328730952544889,1151.9533924483953,1264.896,0.09036155064174074,0.0003846447570387103,7.595140649138606e-06
theta,75,S7,min_steal_agreement,F10,theta_mal75_S7/min_steal_agreement/F10,66394.0,1205050.0,13.178888888888888,20.0,1607,1496,7604.101604278075,28149.0,31228.15419171123,125653.0,23624.05336330214,106673.0,4.729786695894107,4392,1389160.32,0.15,0.06,0.501,0.04,387747.42559052265,387490.47055996663,38.05838333333332,3.3199666666666667,215.5766805555768,303082.642257189,84664.78333334428,0.0,21.83503428924214,50542.28333857901,155230.99510418548,3835.094427512108,11778.761958837107,29421.860132490547,0.2791235971889282,0.03638333359433921,0.11174447820693977,1225.9108388537727,1264.896,0.031036976431281244,0.0001530540885782475,1.7444590796642776e-05
theta,75,S7,min_steal_agreement,F0,theta_mal75_S7/min_steal_agreement/F0,66394.0,1205050.0,13.178888888888888,20.0,1607,1496,8273.847593582888,33061.0,31901.177415240643,117217.0,23627.329785360962,100867.0,4.729786695894107,4392,1389160.32,0.15,0.06,0.501,0.04,400021.69749324524,400021.69749324524,0.0,0.0,0.0,315356.91415997484,84664.78333334428,0.0,21.165047762133934,52383.42412399688,161380.4053274812,3974.7982220383774,12245.37263255485,30353.218762660883,0.2879593461849279,0.03770869594374599,0.11617118845395842,1264.7174484442032,1264.896,0.0,0.0,0.0
theta,75,S7,rigid_easy_backfill,F30,theta_mal75_S7/rigid_easy_backfill/F30,10758.0,1205050.0,13.822824074074074,20.0,1607,1570,26052.88025475853,48645.0,35302.5174089172,72251.6,9249.61358343949,27198.4,4.732510977214952,4392,1457036.24,0.15,0.06,0.501,0.04,365172.09600552026,364384.1649999698,136.67545,16.209383333333335,635.046172222217,275528.99689442985,89643.09911112633,0.0,24.548178815330733,46707.93548083205,141625.7514085544,3379.0443422076755,10245.789908748531,26418.052783470837,0.250626639187451,0.03205681107892831,0.09720125520594766,1100.7521993112848,1264.896,0.0871695781873239,0.0005240432454857814,8.120365397820624e-05
theta,75,S7,rigid_easy_backfill,F10,theta_mal75_S7/rigid_easy_backfill/F10,66074.0,1205050.0,13.182592592592593,20.0,1607,1502,29570.977363509443,120612.0,38721.181739014646,154720.0,9150.199529294274,27182.0,4.747422245947237,4392,1389550.72,0.15,0.06,0.501,0.04,381835.6012405681,381566.776493339,44.22493333333331,7.96655,216.63326388891662,297135.26235167374,84700.33888889986,0.0,22.182410077455312,49652.30968608505,152252.77999374454,3766.505665508095,11549.532379487828,28965.137059240125,0.2747906900732404,0.035732635715582266,0.10956978957467961,1206.880710801672,1264.896,0.031180331998084804,0.00017780327346861196,4.18480586300585e-05
theta,75,S7,rigid_easy_backfill,F0,theta_mal75_S7/rigid_easy_backfill/F0,66074.0,1205050.0,13.182592592592593,20.0,1607,1502,29056.119174433083,92318.0,38169.70776764314,125121.0,9113.58337749667,27182.0,4.747422245947237,4392,1389550.72,0.15,0.06,0.501,0.04,394957.71522666037,394957.71522666037,0.0,0.0,0.0,310257.376337768,84700.33888889986,0.0,21.44541950276667,51620.626783999185,158826.95910077775,3915.8175011040876,12048.233910378442,29960.549296546593,0.2842341121788346,0.0371491490314216,0.11430094404958298,1248.3562206894417,1264.896,0.0,0.0,0.0
